,year,team_id,team,conference,epa_rushing,epa_passing,epa_total,epa_allowed_rushing,epa_allowed_passing,epa_allowed_total,success_rate_passing_downs,success_rate_standard_downs,success_rate_total,success_rate_allowed_passing_downs,success_rate_allowed_standard_downs,success_rate_allowed_total,rushing_highlight_yards,rushing_open_field_yards,rushing_second_level_yards,rushing_line_yards,rushing_allowed_highlight_yards,rushing_allowed_open_field_yards,rushing_allowed_second_level_yards,rushing_allowed_line_yards,explosiveness,explosiveness_allowed,division,rating_srs,ranking_srs,elo,rating_sp,ranking_sp,fpi,resume_ranks,efficiencies,game_control,remaining_strength_of_schedule,strength_of_schedule,average_win_probability,fpi_resume,strength_of_record,special_teams,defense,offense,overall
Sam Houston,2025,2534,Sam Houston,CUSA,0.09299300281152209,0.1523431410995587,0.1021154604188518,0.0824859556107255,0.36887918227518085,0.22969340322490947,0.2738296418708715,0.4531575353222367,0.3636789869030987,0.3296203534325061,0.4911018940769627,0.4580387688597437,2.027400633936934,1.2990193184793868,1.0649837917509595,2.7598658582190043,1.8775809074751204,1.159614522521533,1.0675188512738973,2.9901077742541786,1.0097912904833235,0.9361600900519897,,-21.7,163,1243,-23.6,133,-17.829,game_control=133 remaining_strength_of_schedule=123 strength_of_schedule=26 average_win_probability=136 fpi=130 strength_of_record=133,special_teams=50.747 defense=26.095 offense=14.009 overall=15.217,133,123,26,136,130,133,50.747,26.095,14.009,15.217
Delaware,2025,48,Delaware,CUSA,0.1636072054449699,0.2541301332491548,0.2179712993763007,0.11876181836280697,0.28775126244529237,0.20802040531692234,0.30650450597304135,0.48357973189839126,0.41473849240976524,0.3211789869285709,0.472717698465734,0.4379489077539697,2.253019737087341,1.4976852889821306,1.0936922724796299,3.0089210052573563,2.0480338683273986,1.3310643667744537,1.0483471051934714,2.8409189639752643,1.037125311664182,1.0330535278055288,,-4.5,88,1501,-7,89,-9.497,game_control=87 remaining_strength_of_schedule=119 strength_of_schedule=114 average_win_probability=74 fpi=100 strength_of_record=59,special_teams=50.489 defense=26.634 offense=54.514 overall=37.808,87,119,114,74,100,59,50.489,26.634,54.514,37.808
Jacksonville State,2025,55,Jacksonville State,CUSA,0.16774428767348615,0.1568520907303474,0.16561894305796165,0.1317656785609073,0.34692170963564123,0.23762134487356773,0.3059937511899763,0.4660685197519416,0.4069607478416889,0.32073197752868216,0.5080713847342867,0.4676953077423866,2.1677273142811155,1.3928994382448607,1.1547779109362006,3.006248848357708,2.069883300211433,1.3188501070985454,1.0998915248008245,2.9335524816493286,1.0988018144112965,0.9948891406279065,,-11.6,115,1529,-9.8,104,-8.549,game_control=117 remaining_strength_of_schedule=130 strength_of_schedule=115 average_win_probability=96 fpi=97 strength_of_record=110,special_teams=40.07 defense=46.333 offense=39.975 overall=39.489,117,130,115,96,97,110,40.07,46.333,39.975,39.489
Missouri State,2025,2623,Missouri State,CUSA,0.06512234249630486,0.21935612084958195,0.12736990688117167,0.18256077538955073,0.29826198913301455,0.25856337684059044,0.2965333950170987,0.43846408313351604,0.3801026141898858,0.31276125040455516,0.5086033559739034,0.45855084264027474,1.9150258156296618,1.1717160923140357,1.1267984495180992,2.6529467221795353,2.2467441339432828,1.477731583703742,1.117524780151022,3.046371685435607,0.9790107338744221,1.0449710713435179,,-10.7,108,1335,-13.4,118,-13.778,game_control=100 remaining_strength_of_schedule=134 strength_of_schedule=44 average_win_probability=102 fpi=122 strength_of_record=101,special_teams=41.403 defense=38.867 offense=37.388 overall=33.827,100,134,44,102,122,101,41.403,38.867,37.388,33.827
Akron,2025,2006,Akron,MAC,0.003125158368091366,0.1588306437150025,0.032027964153534316,0.13108808035259834,0.3598321555196822,0.26058891235645565,0.24686612573008773,0.43123255981362124,0.3349957838168865,0.3278878860334053,0.5136006205546075,0.48868514112703926,1.6923157177777222,1.008542025129134,1.002262567508379,2.5692437780056703,2.0057459419595176,1.2369017199835295,1.1530843561235906,3.1617975642490173,0.8783680952357661,0.9833770456956362,,-12.7,121,995,-22.1,130,-20.696,game_control=125 remaining_strength_of_schedule=136 strength_of_schedule=72 average_win_probability=122 fpi=134 strength_of_record=130,special_teams=44.156 defense=46.844 offense=10.727 overall=20.793,125,136,72,122,134,130,44.156,46.844,10.727,20.793
Air Force,2025,2005,Air Force,MWC,0.1544497784817817,0.3652156026575169,0.2631045925897253,0.1884677989463313,0.47525866876440426,0.37119391652627254,0.34224673949237105,0.488010090562822,0.46089320870748457,0.3738231422280027,0.49789193228454015,0.4918426077361047,1.990517091100231,1.2908803483759088,1.0015570338637483,2.9304140458346972,2.241183369452771,1.4716340443547014,1.1410433714937411,2.9657903926463143,0.9920444406992004,1.1157522892563965,,-14.8,132,1351,-7,89,-11.711,game_control=126 remaining_strength_of_schedule=91 strength_of_schedule=122 average_win_probability=108 fpi=114 strength_of_record=126,special_teams=50.497 defense=6.443 offense=70.027 overall=25.723,126,91,122,108,114,126,50.497,6.443,70.027,25.723
App State,2025,2026,App State,SBC,0.1270550357454612,0.09601744685786281,0.09223850604362875,0.0635745313631309,0.33260486550423807,0.18623096584935658,0.2978241454779619,0.48472112552366947,0.4196245847696412,0.31289995533498993,0.45707934863987537,0.4181077656802917,1.9331857003231738,1.2048052365039454,1.0640921284464828,2.9978123049487793,1.7555234415640173,1.0774770221934458,0.9883373210650815,2.702430683590831,0.910899642104485,0.962080233764552,East,-20.5,160,1324,-11.7,110,-11.703,game_control=110 remaining_strength_of_schedule=99 strength_of_schedule=112 average_win_probability=99 fpi=113 strength_of_record=102,special_teams=37.192 defense=47.928 offense=21.177 overall=26.796,110,99,112,99,113,102,37.192,47.928,21.177,26.796
Arizona,2025,12,Arizona,B12,0.16303600461625628,0.14191478386094977,0.15558391979730332,0.09092660106886298,0.20282119468557247,0.13519458759813258,0.2753223105317681,0.4927668932905634,0.4222091789895621,0.31041785136030514,0.4387777224982886,0.3954601303084636,2.209554790054505,1.439424885415348,1.1382208521028871,3.052201036625192,1.832654319815136,1.155260288584542,0.9801092580599887,2.6173718663985555,1.0480153368522118,0.9948887879160163,,4.6,53,1422,7.9,49,4.592,game_control=39 remaining_strength_of_schedule=51 strength_of_schedule=78 average_win_probability=37 fpi=52 strength_of_record=42,special_teams=16.701 defense=78.871 offense=61.786 overall=68.189,39,51,78,37,52,42,16.701,78.871,61.786,68.189
Arkansas State,2025,2032,Arkansas State,SBC,0.05345034239749325,0.12434076324666893,0.06714283446286513,0.1666016859268681,0.3267810940407548,0.2502317798272854,0.27555575979068525,0.44159243846090734,0.3675291327541746,0.345418232845284,0.5320243308163237,0.49965565184280647,1.7199212578815941,1.0342893488960205,1.0015962295202017,2.829811222046458,2.312028203607312,1.5315397634142756,1.1383737156144407,2.9423616342985848,0.9298296719567577,1.0254532175070112,West,-15.3,135,1213,-15.5,125,-12.889,game_control=127 remaining_strength_of_schedule=116 strength_of_schedule=95 average_win_probability=120 fpi=119 strength_of_record=128,special_teams=71.003 defense=22.379 offense=29.756 overall=24.343,127,116,95,120,119,128,71.003,22.379,29.756,24.343
Auburn,2025,2,Auburn,SEC,0.17548786533773103,0.22146694811148016,0.20213659085258162,-0.0074238260725044275,0.26066074657938054,0.09559019359018268,0.27264810194592276,0.5271604993351948,0.47118042675998956,0.2606516993510151,0.4305227299040905,0.3460371263688449,2.0612692526046197,1.305183474205678,1.1242589654253465,3.007926471993088,1.6755466074961944,1.0504827924179745,0.8864590009298015,2.272311855142412,0.9960485381014806,0.9452516547946019,,12.1,27,1676,14.3,30,12.75,game_control=26 remaining_strength_of_schedule=17 strength_of_schedule=8 average_win_probability=65 fpi=23 strength_of_record=33,special_teams=47.545 defense=84.737 offense=65.83 overall=80.831,26,17,8,65,23,33,47.545,84.737,65.83,80.831
Ball State,2025,2050,Ball State,MAC,0.08216794529231158,0.21987906070491237,0.1309364240058264,0.14034232591596635,0.32210234265519894,0.23828805167472783,0.27323219712269997,0.4450502773042114,0.36867212305064156,0.3252040533223887,0.471698231786509,0.42857861540906594,1.8533636461565581,1.1612894493930919,1.0227062169594805,2.741572849626664,2.190798545058881,1.4573830034643984,1.061729121424488,2.7618322033189258,0.9735160136982183,1.0613234162834189,,-15.7,137,1095,-21.3,129,-16.573,game_control=124 remaining_strength_of_schedule=110 strength_of_schedule=57 average_win_probability=132 fpi=129 strength_of_record=109,special_teams=18.867 defense=19.281 offense=46.03 overall=20.523,124,110,57,132,129,109,18.867,19.281,46.03,20.523
Baylor,2025,239,Baylor,B12,0.1390762377092108,0.3441364437965753,0.26624983849712647,0.09991401680235744,0.31554869074413666,0.18703404228857187,0.35687631398253955,0.48633799763083063,0.4699796634809035,0.27285716394421977,0.5052101001583951,0.4377971604097732,2.017254040803186,1.2867673623654525,1.0737951660869245,3.048756266608744,1.8483547163912757,1.1294880828622094,1.0644462738273137,2.9792362824777054,1.0068207525016777,0.9250276360748827,,-1.4,73,1590,6.7,55,7.17,game_control=74 remaining_strength_of_schedule=52 strength_of_schedule=60 average_win_probability=83 fpi=41 strength_of_record=54,special_teams=48.046 defense=42.865 offense=73.374 overall=61.113,74,52,60,83,41,54,48.046,42.865,73.374,61.113
Boise State,2025,68,Boise State,MWC,0.09217023897451802,0.27403361784395747,0.17215797483002646,0.1531687528667993,0.19444804085218756,0.1706650440192165,0.31788675844824327,0.4734311813138686,0.4163787442155735,0.3148511121692771,0.4147101869545784,0.36424691649366486,2.069244826910807,1.3314007125618512,1.0850107430698355,2.8586051986476506,2.0535602753834965,1.352574500013589,1.0184714135203674,2.8829838958564773,0.9523241649690123,1.060192947818351,,0.3,66,1653,7.4,53,4.663,game_control=49 remaining_strength_of_schedule=71 strength_of_schedule=110 average_win_probability=35 fpi=51 strength_of_record=62,special_teams=32.659 defense=54.984 offense=68.839 overall=62.263,49,71,110,35,51,62,32.659,54.984,68.839,62.263
Buffalo,2025,2084,Buffalo,MAC,0.07324071015221123,0.2196367233334951,0.12613731112941504,0.11111413947584155,0.27555738658601114,0.19234042878175306,0.26592971115795166,0.4389321702425878,0.3540998892167041,0.30131694961740035,0.4875088713319147,0.44112193701986613,1.789048331604424,1.1555657565944928,0.8897078666235948,2.6666590874328975,1.7223922581210924,1.0141722365021844,1.0431952450468227,3.136447364257792,1.0117213397930762,0.936946666882877,,-12,117,1382,-8.8,97,-12.166,game_control=119 remaining_strength_of_schedule=127 strength_of_schedule=127 average_win_probability=78 fpi=116 strength_of_record=120,special_teams=51.391 defense=48.436 offense=23.553 overall=33.116,119,127,127,78,116,120,51.391,48.436,23.553,33.116
BYU,2025,252,BYU,B12,0.1437846026908146,0.2596519998120613,0.2037633130445843,0.0864403851377794,0.12573077400656002,0.08737060543920323,0.29733505359009266,0.49758677089000075,0.4385377481215372,0.26475637775216243,0.5076601656314725,0.4305243384833249,2.043882300896789,1.2824747816584987,1.133263254383831,2.959399755565599,1.8285192281138645,1.1252058280751736,1.0264260454004157,2.8573997724419646,1.007977155054433,0.8837776895734173,,21.5,5,1702,15.9,21,15.496,game_control=21 remaining_strength_of_schedule=37 strength_of_schedule=92 average_win_probability=21 fpi=18 strength_of_record=12,special_teams=69.968 defense=91.757 offense=67.967 overall=89.045,21,37,92,21,18,12,69.968,91.757,67.967,89.045
California,2025,25,California,ACC,0.044941816437475066,0.21575401445491824,0.11526058331758471,0.11497335823017107,0.20857845483447565,0.15862273629059156,0.3356352147801152,0.45192596024402926,0.4182906199761963,0.27437107135653166,0.47399798446408187,0.40317949079237514,1.7983877406104627,1.1369701321772638,0.9461373805312883,2.7300852463916607,1.9194559338287698,1.2033080840949752,1.0543122770369204,2.979519767912735,0.955055643553986,0.9749988363809027,,-2.3,78,1455,-1.2,74,-1.456,game_control=79 remaining_strength_of_schedule=67 strength_of_schedule=107 average_win_probability=69 fpi=72 strength_of_record=44,special_teams=60.645 defense=66.435 offense=33.897 overall=50.82,79,67,107,69,72,44,60.645,66.435,33.897,50.82
Central Michigan,2025,2117,Central Michigan,MAC,0.07266292447637938,0.26239711941446087,0.13044204004554716,0.12301362626769338,0.3056850145582551,0.2035665809252049,0.2557084519337589,0.4676461321159558,0.37776332421131914,0.3077594609936045,0.5093779244083327,0.4623166440290115,1.9089417131743607,1.2225735187718028,0.9882197826587504,2.7944879670586125,1.8324095011777222,1.0780901905523157,1.1529750990253596,3.0206935550642573,0.9687487873471827,0.9261260216245405,,-14.1,125,1124,-15.7,126,-15.455,game_control=82 remaining_strength_of_schedule=124 strength_of_schedule=54 average_win_probability=92 fpi=125 strength_of_record=70,special_teams=59.382 defense=38.465 offense=35.564 overall=35.733,82,124,54,92,125,70,59.382,38.465,35.564,35.733
Charlotte,2025,2429,Charlotte,AAC,0.038714896055738274,0.19586563874619103,0.08716320945106386,0.11184550884736377,0.33518189612838856,0.22462044755136223,0.2841886939120487,0.4172325006783817,0.3413023129641167,0.31440914351860855,0.5178539007925187,0.48249793990466827,1.7487843752300634,1.0926688268421385,0.9476652585071275,2.3719265688754456,2.05979626413863,1.2930602631453874,1.1471570810067162,2.9666482301158155,0.9519668303441844,0.9395903495745929,,-31.5,204,1183,-18.1,127,-19.636,game_control=135 remaining_strength_of_schedule=63 strength_of_schedule=135 average_win_probability=125 fpi=133 strength_of_record=129,special_teams=50.936 defense=15.167 offense=15.261 overall=10.27,135,63,135,125,133,129,50.936,15.167,15.261,10.27
Cincinnati,2025,2132,Cincinnati,B12,0.16434726262031238,0.3359761340212873,0.26004411442161157,0.08691050440337286,0.3383645226694776,0.2137494989074063,0.3309339959907016,0.5170434678741741,0.4829097110765218,0.3455281870423841,0.48370847363790315,0.45346755731171173,1.8980753891433768,1.1324604880747238,1.1557923254198996,3.185493728341612,1.8729389109745729,1.170307045641561,1.0365741546370113,2.9351904322026434,0.9573181284786366,0.9368357219140848,,9.6,38,1520,9.3,39,7.378,game_control=34 remaining_strength_of_schedule=49 strength_of_schedule=39 average_win_probability=39 fpi=39 strength_of_record=29,special_teams=70.44 defense=53.326 offense=86.819 overall=80.153,34,49,39,39,39,29,70.44,53.326,86.819,80.153
Colorado,2025,38,Colorado,B12,0.12109714990042085,0.27645867585315415,0.20115259356738802,0.11177776326946048,0.29452369442776244,0.1888088693450195,0.33946078997807605,0.4420516032726915,0.4074357076867021,0.3170962479059741,0.5005187140340133,0.4602860723898083,2.09918202996003,1.342770658113688,1.1353567222057699,2.9494763707254736,2.2341095538110345,1.4650417212793274,1.1347320904799811,3.0152772552366365,1.0048846997592409,0.9965937267199321,,7.9,41,1618,4.8,59,3.455,game_control=54 remaining_strength_of_schedule=46 strength_of_schedule=64 average_win_probability=54 fpi=56 strength_of_record=92,special_teams=47.647 defense=40.82 offense=67.249 overall=53.247,54,46,64,54,56,92,47.647,40.82,67.249,53.247
Colorado State,2025,36,Colorado State,MWC,0.09161961343014331,0.21193719449965573,0.13555407799983535,0.10882820109153572,0.26807065310748285,0.17450082043652387,0.27591468694211774,0.47763117488900053,0.3951416188609101,0.2908445932631008,0.5018795322172356,0.4408114673479672,1.9205511152662182,1.1761438259454071,1.1162244228427531,2.94117371556659,2.092756049487993,1.3728501184178585,1.037959014651929,2.957534493406469,0.9398737664068659,0.9326873367082288,,-12.2,119,1320,-13.1,117,-10.604,game_control=130 remaining_strength_of_schedule=90 strength_of_schedule=88 average_win_probability=130 fpi=108 strength_of_record=123,special_teams=31.918 defense=39.903 offense=18.565 overall=20.584,130,90,88,130,108,123,31.918,39.903,18.565,20.584
Duke,2025,150,Duke,ACC,0.10270134080517092,0.35154332320524856,0.23457508537340538,0.08677571663000112,0.3000783312111292,0.18974698469848114,0.3151393843612489,0.5053217811459819,0.45625462583030146,0.3147569072830821,0.4613572702811738,0.4039713138611792,2.1596281100164383,1.3966336001990405,1.1282307276983328,2.9545428353088745,2.072797675890959,1.3591779934860297,1.037882803209,2.5424447514726163,0.9568830850854368,1.037568964496845,,6.1,47,1598,7.5,50,6.992,game_control=76 remaining_strength_of_schedule=70 strength_of_schedule=79 average_win_probability=79 fpi=42 strength_of_record=65,special_teams=36.193 defense=42.517 offense=76.531 overall=60.219,76,70,79,79,42,65,36.193,42.517,76.531,60.219
East Carolina,2025,151,East Carolina,AAC,0.04970004503713161,0.29103031373870064,0.15496907872060026,0.08083225980639863,0.21731386883819293,0.13009751770875938,0.3214494122422057,0.46373148512342977,0.42597340867360883,0.2836372623483788,0.4603277747997741,0.3810718477167444,1.6308208513327767,0.9880581341400956,0.9196564314153528,2.7196287381474287,1.948145160488739,1.2189272691147073,1.1004810899451185,2.6056611212685254,0.9034753128138495,1.0316769373125894,,10.2,37,1548,3.7,62,3.961,game_control=68 remaining_strength_of_schedule=84 strength_of_schedule=89 average_win_probability=57 fpi=55 strength_of_record=73,special_teams=52.004 defense=73.274 offense=48.036 overall=62.965,68,84,89,57,55,73,52.004,73.274,48.036,62.965
Eastern Michigan,2025,2199,Eastern Michigan,MAC,0.1410549178247349,0.24174998958709853,0.19511729061710834,0.20364634083056363,0.37112959065341344,0.30991431255817903,0.2987099009054999,0.5015206035173199,0.44058130307555826,0.3361794569664276,0.5233333561202611,0.4985760856202759,1.8957459764167877,1.1375590381029157,1.1400246909220635,3.101611315762155,2.349192103754921,1.531870408814854,1.2230216086720598,3.2769426831338597,0.9499534667925091,1.0088467681535354,,-25.4,177,1193,-22.5,132,-16.111,game_control=134 remaining_strength_of_schedule=117 strength_of_schedule=109 average_win_probability=133 fpi=127 strength_of_record=132,special_teams=73.442 defense=8.846 offense=32.734 overall=15.731,134,117,109,133,127,132,73.442,8.846,32.734,15.731
Florida,2025,57,Florida,SEC,0.10888449324628421,0.1755664952417881,0.1259654113864912,0.09193668828879784,0.2175047482055635,0.14119020032118407,0.27515960060230404,0.4872679876241617,0.42988596711954363,0.2840218860423746,0.46396559846017527,0.3952073691314598,1.786099162475323,1.0857353175727213,1.0186455205030358,3.028269174029321,1.8277960194540162,1.1467332623576618,0.9867033293168015,2.8527551960012585,0.9046792089279767,0.959599910993033,,11.8,29,1629,8.2,46,9.209,game_control=47 remaining_strength_of_schedule=5 strength_of_schedule=3 average_win_probability=93 fpi=33 strength_of_record=108,special_teams=41.604 defense=84.468 offense=32.074 overall=59.892,47,5,3,93,33,108,41.604,84.468,32.074,59.892
Florida Atlantic,2025,2226,Florida Atlantic,AAC,0.09665596003035531,0.20074679061167117,0.1279238417373762,0.11563230487857183,0.25915434637358586,0.17453136773711714,0.278559564572969,0.4513003616711627,0.3811716830635899,0.2758389525647027,0.4951195646657793,0.4325459139436636,1.864900928520448,1.1617003124388603,1.0336539262075273,2.8080044571365503,2.2168234377998717,1.4925161149145085,1.0415103445658815,2.6631085239244237,1.0311544952963179,1.015448491809676,,-18.4,149,1201,-10.7,107,-11.452,game_control=111 remaining_strength_of_schedule=78 strength_of_schedule=97 average_win_probability=106 fpi=111 strength_of_record=121,special_teams=49.675 defense=35.002 offense=31.024 overall=28.904,111,78,97,106,111,121,49.675,35.002,31.024,28.904
South Alabama,2025,6,South Alabama,SBC,0.13336357031734145,0.21673521161363585,0.17348255078460745,0.164543036423066,0.2705277815901387,0.22363138673953253,0.2965318758439496,0.4609266617576481,0.41171025472574757,0.31256374672258397,0.49053601741470787,0.4379306474989598,1.883858446426844,1.1530147466068967,1.084463350716032,3.014255210872856,1.9596209815872,1.1823250771968319,1.177798909701285,3.129167684481621,1.0191366764546919,0.9818572674208609,West,-10.6,107,1430,-12.4,115,-8.975,game_control=121 remaining_strength_of_schedule=112 strength_of_schedule=67 average_win_probability=116 fpi=99 strength_of_record=127,special_teams=34.879 defense=27.669 offense=39.927 overall=27.534,121,112,67,116,99,127,34.879,27.669,39.927,27.534
Bowling Green,2025,189,Bowling Green,MAC,0.12410422236892221,0.13267400132416957,0.12024187500462662,0.10355924054248085,0.3213841445796886,0.20962032241197615,0.2840509550345543,0.47254850835078843,0.402632415050707,0.31211494021070557,0.49524490600772253,0.45252284094079226,2.0771382015012083,1.3285565842478617,1.0998077392673666,3.002930632404892,2.0311597534992574,1.2837082586130752,1.1067105036312979,2.876305244406939,1.0028223306298467,1.0165278425374813,,-8.4,98,1411,-13.9,119,-7.913,game_control=104 remaining_strength_of_schedule=131 strength_of_schedule=62 average_win_probability=109 fpi=94 strength_of_record=99,special_teams=67.414 defense=51.149 offense=16.91 overall=30.4,104,131,62,109,94,99,67.414,51.149,16.91,30.4
UL Monroe,2025,2433,UL Monroe,SBC,0.08699848717922468,0.2954886064690881,0.17125706790868436,0.09103938524813152,0.3370357763962474,0.22242648680152272,0.31469712531524097,0.43542035828242037,0.3831168297324012,0.3164783744941967,0.46322862263364273,0.42145859890828236,2.129189111517093,1.3983336771021804,1.0785583689619898,2.769069387821101,1.8002266313255424,1.1410981193097445,0.926415358723677,2.8589455561803376,1.05095958330083,0.9730657318416449,West,-10.7,108,1168,-12.3,113,-13.12,game_control=62 remaining_strength_of_schedule=93 strength_of_schedule=36 average_win_probability=67 fpi=120 strength_of_record=52,special_teams=24.573 defense=49.482 offense=40.927 overall=39.15,62,93,36,67,120,52,24.573,49.482,40.927,39.15
Georgia,2025,61,Georgia,SEC,0.14237529589605313,0.29035735207038593,0.21629030427722074,0.06122233894660329,0.3075355864608017,0.16593102962734696,0.2856491351509985,0.504645021159838,0.4515513714870963,0.2988133111337099,0.4416918900315515,0.37517804948626643,2.019477874197434,1.2720120592534443,1.106742378698589,3.002480374963401,1.6900526977221888,1.026952035245635,0.9620454049342548,2.82239735513055,0.9859981202110595,0.93939635711045,,15.6,19,2033,19.7,16,20.81,game_control=28 remaining_strength_of_schedule=26 strength_of_schedule=5 average_win_probability=51 fpi=7 strength_of_record=15,special_teams=58.618 defense=73.42 offense=78.478 overall=82.31,28,26,5,51,7,15,58.618,73.42,78.478,82.31
Hawai'i,2025,62,Hawai'i,MWC,0.0386571719534584,0.16606411466968118,0.08834934586120503,0.116569181722821,0.2740812382802956,0.1809616460992289,0.2967454256709204,0.44863320313757177,0.38507155846342683,0.2990572724438028,0.4914871322200571,0.43685035554212454,1.7512514651205855,1.0532201790146156,1.0329888209142906,2.7527810880096264,2.1057543598873494,1.356010390587742,1.1014901666254584,3.147675517877757,0.9311144307614131,0.9930565432678692,,-10,102,1280,-8.4,93,-9.972,game_control=91 remaining_strength_of_schedule=96 strength_of_schedule=111 average_win_probability=58 fpi=101 strength_of_record=78,special_teams=69.236 defense=53.93 offense=24.705 overall=37.522,91,96,111,58,101,78,69.236,53.93,24.705,37.522
Iowa,2025,2294,Iowa,B1G,0.10181935411883002,0.23324133758749693,0.1555719104857448,0.06698978344277592,0.2247460552775721,0.12547567523908765,0.26641726650084147,0.4939794145474306,0.420339425029794,0.24759501864650912,0.48770610801636327,0.3947877473492126,1.6781309579349482,0.9753090403359759,1.0490986421223534,3.105035685030145,1.6419193541755626,0.9872816569070533,0.9346341698819636,2.7374986509226136,0.8966684316917151,0.9234165235623232,,7.4,43,1743,12.1,34,9.485,game_control=45 remaining_strength_of_schedule=16 strength_of_schedule=24 average_win_probability=64 fpi=32 strength_of_record=47,special_teams=71.112 defense=73.75 offense=51.844 overall=70.087,45,16,24,64,32,47,71.112,73.75,51.844,70.087
Iowa State,2025,66,Iowa State,B12,0.1034009468090597,0.28694310667539497,0.18868671346404106,0.08316046266117103,0.21237557007086955,0.13509190992875597,0.3115122409423287,0.48413698343676603,0.43734411804537876,0.2954026194340947,0.4804435231164609,0.432719633313388,1.6620107786081197,0.9949458416057897,0.9786223424301759,2.84418884137189,1.7496537779020807,1.0486222866526842,1.0289041821706029,2.8710261969733066,0.9383908486124348,0.897511462034426,,10.5,36,1655,15,26,10.22,game_control=30 remaining_strength_of_schedule=44 strength_of_schedule=94 average_win_probability=18 fpi=28 strength_of_record=10,special_teams=61.335 defense=66.68 offense=70.336 overall=74.353,30,44,94,18,28,10,61.335,66.68,70.336,74.353
James Madison,2025,256,James Madison,SBC,0.12683250803105384,0.205830928740293,0.15736227492405583,0.08995299773618101,0.16243525995312957,0.10608392474762221,0.31342778076873,0.46741316009447015,0.4121914092103984,0.2688957030314346,0.40977203088915104,0.3292318450935363,1.8260188191727962,1.0893476391826777,1.1031026638341503,2.925719914147516,1.8752419710270205,1.1952523151000576,0.9712791959615934,2.7131745787106745,0.9801220175678156,1.017405608193281,East,2.8,55,1669,7.5,50,2.375,game_control=38 remaining_strength_of_schedule=104 strength_of_schedule=104 average_win_probability=32 fpi=61 strength_of_record=56,special_teams=36.809 defense=80.121 offense=54.609 overall=68.212,38,104,104,32,61,56,36.809,80.121,54.609,68.212
Kansas,2025,2305,Kansas,B12,0.11255966306864038,0.37587335700005836,0.23869818223103254,0.08181491170840834,0.3330165604473898,0.19795078556656084,0.31889815858638826,0.5002399898347021,0.4632176480909148,0.3067671285116029,0.4829464399392881,0.4184449831814311,2.1359469204167945,1.3437633649140883,1.1948164876144785,3.1510023575878634,2.0386078258094886,1.3222568964759431,1.0248827953082933,2.8934441340214687,0.9608940153291586,0.9175421372460855,,8.1,40,1664,12.3,33,9.671,game_control=25 remaining_strength_of_schedule=43 strength_of_schedule=58 average_win_probability=22 fpi=31 strength_of_record=66,special_teams=65.335 defense=55.483 offense=78.155 overall=72.661,25,43,58,22,31,66,65.335,55.483,78.155,72.661
Kent State,2025,2309,Kent State,MAC,0.0846100810537824,0.19152623467257207,0.12271250665094763,0.17888819602359451,0.3262267665586167,0.2679500406759826,0.26855872356794946,0.43042761502763466,0.35904507826269444,0.3631990261679834,0.5165963460896461,0.502544627271389,1.709535462895121,1.0467936654977414,0.9645592041063774,2.635858733903766,2.3362226892410334,1.5406355927492386,1.18946255637807,3.1751427316588035,0.9902068789396817,1.035776479223992,,-16.4,142,859,-24,134,-25.091,game_control=96 remaining_strength_of_schedule=74 strength_of_schedule=14 average_win_probability=119 fpi=136 strength_of_record=117,special_teams=42.748 defense=11.225 offense=16.394 overall=8.307,96,74,14,119,136,117,42.748,11.225,16.394,8.307
Louisiana,2025,309,Louisiana,SBC,0.15247919990508063,0.1390207070625474,0.13517235803762578,0.16663312187929535,0.2275656406075507,0.20017277506989875,0.2733612428949456,0.44202232582831724,0.35752753632141443,0.32461517478389146,0.5094227492736886,0.47824197064223073,2.205683166204286,1.4531057944570478,1.111178853914742,2.964033107802917,1.9753791003035845,1.2057629619153785,1.1488354539977925,3.183185441488177,1.035088164604546,0.9671062903070722,West,-16.9,143,1371,-11.2,109,-10.947,game_control=128 remaining_strength_of_schedule=100 strength_of_schedule=85 average_win_probability=117 fpi=109 strength_of_record=112,special_teams=32.401 defense=36.192 offense=19.273 overall=19.704,128,100,85,117,109,112,32.401,36.192,19.273,19.704
Louisiana Tech,2025,2348,Louisiana Tech,CUSA,0.07695867709168074,0.2594955147771423,0.14614490770963823,0.045549112681633544,0.14667941232652665,0.0764589256379791,0.2759599881148651,0.47135788428462244,0.4007071547245013,0.3014940477287741,0.4220232035687661,0.37623885977663873,1.7486068066163154,1.0575779258702085,1.0165380102251182,2.721770535807166,1.9241769945229084,1.216209009554823,1.0573774898914168,2.79450722720148,0.9480824070104933,1.018674331052991,,6.9,45,1490,-0.1,71,-3.549,game_control=42 remaining_strength_of_schedule=126 strength_of_schedule=91 average_win_probability=34 fpi=79 strength_of_record=48,special_teams=74.441 defense=83.891 offense=29.165 overall=67.719,42,126,91,34,79,48,74.441,83.891,29.165,67.719
Marshall,2025,276,Marshall,SBC,0.06672412911607332,0.2819534723096399,0.1422293015746601,0.10363699433915802,0.382071767387376,0.24995903868591485,0.26680664230169976,0.46937942842057234,0.3962171929962368,0.3004750735865301,0.4833207976731094,0.4248828443087239,1.7498884105555406,1.0739256093894594,0.9812246943940681,2.760359991239003,1.9549800032512012,1.2174362787883553,1.0885672251446692,2.838049610503166,0.8945584906781338,0.9909754259574252,East,-9.8,100,1504,-9.6,100,-7.663,game_control=88 remaining_strength_of_schedule=106 strength_of_schedule=65 average_win_probability=76 fpi=92 strength_of_record=111,special_teams=64.945 defense=44.207 offense=33.802 overall=40.23,88,106,65,76,92,111,64.945,44.207,33.802,40.23
Miami,2025,2390,Miami,ACC,0.11461709095429627,0.2929313071231214,0.20243235046583294,0.07753660470395851,0.19337871140354346,0.11842695895054803,0.29747442283038844,0.5066868364237114,0.4676155170960355,0.2799827859470378,0.45030802698220346,0.3652710088605202,1.743265682400846,1.0581964717156862,1.0022986318361982,2.981734342852038,1.8040930870187175,1.1263238381822078,0.9672009659319805,2.7795244285478327,0.9404905572798505,0.9490545269415862,,26.2,3,1852,20.4,14,19.06,game_control=3 remaining_strength_of_schedule=64 strength_of_schedule=30 average_win_probability=2 fpi=9 strength_of_record=4,special_teams=46.906 defense=84.651 offense=76.207 overall=85.087,3,64,30,2,9,4,46.906,84.651,76.207,85.087
Miami (OH),2025,193,Miami (OH),MAC,0.09402269692415391,0.2098702367467948,0.13015425144197867,0.1317838873485562,0.22266984641277743,0.16519702282697935,0.2680537637171244,0.4795884370033207,0.38728907900800513,0.3263612847504155,0.4945018792420167,0.44713641360652173,1.9276435257034987,1.2038663286880635,1.0611619719143524,3.0328092261103827,1.9445103666285728,1.2219889981614211,1.0548810300885778,3.025851087478941,0.9044469451799765,0.9661936838605094,,-13.6,123,1495,-7.8,92,-6.48,game_control=80 remaining_strength_of_schedule=115 strength_of_schedule=81 average_win_probability=94 fpi=88 strength_of_record=115,special_teams=78.395 defense=57.713 offense=21.1 overall=45.673,80,115,81,94,88,115,78.395,57.713,21.1,45.673
Michigan,2025,130,Michigan,B1G,0.18544038151471776,0.28454137924755135,0.2517464368313317,0.04856692583227887,0.19492277624103319,0.10301345567081394,0.3157612339893446,0.49466608814360113,0.4575397795895801,0.30792628732825783,0.4261724341719279,0.37169178758165566,2.4414813785103355,1.6455486883136536,1.167053987150271,3.0884150832517014,1.6797604378986786,1.0142088221845955,0.9791122390063925,2.8154149653822764,1.0302255465035763,0.8921559939940822,,14.4,23,1848,20.2,15,18.267,game_control=16 remaining_strength_of_schedule=31 strength_of_schedule=11 average_win_probability=41 fpi=12 strength_of_record=18,special_teams=47.941 defense=77.147 offense=81.724 overall=83.965,16,31,11,41,12,18,47.941,77.147,81.724,83.965
Michigan State,2025,127,Michigan State,B1G,0.06274537796260778,0.3053052165244976,0.1692710666189362,0.10109434874363689,0.3005374132957198,0.19419274390504787,0.29274684951464497,0.4749902618607707,0.4214139014919992,0.3089673469051383,0.4817532832692923,0.426496701034597,1.857960686081011,1.1360737937489749,1.0859289535744927,2.743065992187319,1.936058190792192,1.2140620325428841,1.0743811394989233,2.826168693641135,0.9369613192193518,0.9590516024060305,,4.1,54,1414,4.4,60,1.928,game_control=46 remaining_strength_of_schedule=19 strength_of_schedule=37 average_win_probability=53 fpi=63 strength_of_record=40,special_teams=76.185 defense=41.616 offense=63.123 overall=58.932,46,19,37,53,63,40,76.185,41.616,63.123,58.932
Mississippi State,2025,344,Mississippi State,SEC,0.14073461639649448,0.2736782585676067,0.20834569847486537,0.08766620120949759,0.22852455493410803,0.14247139982617718,0.32014873359361257,0.49499894712325737,0.43992210578325036,0.2876127450790371,0.4548352724387944,0.38826938213424245,1.9081921676691354,1.1494169431308574,1.1341167636316152,3.104841597756263,1.7581959180107192,1.046782357257811,1.0456487701231933,3.0381002781045616,0.9671932019598061,0.9378227564406012,,11.2,32,1509,14.9,27,7.672,game_control=24 remaining_strength_of_schedule=1 strength_of_schedule=71 average_win_probability=17 fpi=37 strength_of_record=31,special_teams=75.118 defense=68.991 offense=59.595 overall=72.166,24,1,71,17,37,31,75.118,68.991,59.595,72.166
Navy,2025,2426,Navy,AAC,0.19823542983807374,0.3279057274824237,0.26786914833432834,0.11308587787013277,0.27692841045062405,0.19100875270670425,0.34353504385553657,0.5272320287843776,0.5076102050798558,0.3223100562667162,0.4510568141097103,0.4197141339842298,2.161281912596731,1.392241506027779,1.1390857010392748,3.1271634854862738,1.85270925694181,1.1344716292158603,1.0829652954076479,2.8026786497562863,1.0283876741774818,1.0288305261946455,,-1.3,72,1547,9.2,40,-0.496,game_control=56 remaining_strength_of_schedule=60 strength_of_schedule=136 average_win_probability=10 fpi=70 strength_of_record=41,special_teams=35.007 defense=47.808 offense=74.905 overall=63.028,56,60,136,10,70,41,35.007,47.808,74.905,63.028
NC State,2025,152,NC State,ACC,0.08823995280721161,0.3335772647336217,0.21230908164670667,0.1440255541512818,0.25747911968420245,0.1992505275954841,0.31967437585878167,0.48979678134793264,0.4521837920434714,0.2936586922231455,0.43328686636348585,0.36731566567321383,1.982867550139889,1.2594783936332457,1.0730258675725461,2.7583652898578146,2.2442789850555447,1.5322123472877083,1.0251719855637427,2.7340109261576035,0.9731614417432056,1.115104475147536,,6.1,47,1489,3.2,63,2.636,game_control=70 remaining_strength_of_schedule=35 strength_of_schedule=70 average_win_probability=80 fpi=60 strength_of_record=55,special_teams=33.114 defense=50.295 offense=71.521 overall=60.612,70,35,70,80,60,55,33.114,50.295,71.521,60.612
Nevada,2025,2440,Nevada,MWC,0.11534843775085234,0.12280083312213017,0.10815694511233698,0.15637355977824627,0.22552756587974865,0.19576547859899854,0.2965679180309262,0.43477580926758563,0.36729963557708173,0.29342615502167424,0.526352634905589,0.4723585414970483,2.124272246576588,1.3852829398085493,1.0842827668987662,2.8122282203226443,1.83350205101331,1.0946828348504145,1.1086705154701921,2.951567741155902,1.0082627963824102,0.9713658396383015,,-19.6,154,1257,-15.3,124,-16.151,game_control=99 remaining_strength_of_schedule=88 strength_of_schedule=38 average_win_probability=105 fpi=128 strength_of_record=119,special_teams=61.482 defense=42.033 offense=14.996 overall=24.442,99,88,38,105,128,119,61.482,42.033,14.996,24.442
New Mexico State,2025,166,New Mexico State,CUSA,0.018375571113605646,0.23432616285946542,0.1079438250796264,0.07146994995782477,0.38891641224540774,0.21118349811168818,0.30236920440977266,0.41988201320562435,0.3604601709916015,0.30815009278133004,0.4875539313210664,0.44173019860321494,1.74226804727234,1.0662411735164117,0.9985619402614598,2.5652613554731425,1.8945249020830668,1.1752395820771835,1.0575837866347382,2.9874596136654272,0.9884717931092608,0.9767596122546225,,-14.5,129,1147,-18.7,128,-19.627,game_control=120 remaining_strength_of_schedule=73 strength_of_schedule=128 average_win_probability=98 fpi=132 strength_of_record=105,special_teams=60.62 defense=38.681 offense=13.88 overall=22.361,120,73,128,98,132,105,60.62,38.681,13.88,22.361
Notre Dame,2025,87,Notre Dame,Ind,0.14873740801185747,0.4059129593162809,0.290793965258757,0.08904715391694469,0.2747784819026337,0.1743980369510459,0.38384133916964897,0.4863437596386593,0.4948425885158385,0.2817660937154497,0.4861066257606072,0.40075855847901876,1.9870427335154088,1.2294841688572093,1.145211499746769,2.9316849072345885,1.7842997806486554,1.0990250095089684,0.9863458593851494,2.9036514740782717,1.036322473937992,0.9368804682310407,,26.6,1,2195,18.3,19,20.813,game_control=13 remaining_strength_of_schedule=68 strength_of_schedule=2 average_win_probability=48 fpi=6 strength_of_record=37,special_teams=57.88 defense=67.483 offense=92.395 overall=88.07,13,68,2,48,6,37,57.88,67.483,92.395,88.07
Ohio,2025,195,Ohio,MAC,0.08962499323986918,0.243180530314273,0.13642042711030083,0.10930796854228239,0.21196491262814615,0.15129061646952477,0.2889839605721214,0.44660350966522805,0.37891452104092305,0.29474820581742744,0.499576245325647,0.4392510692622526,1.9390942963581654,1.2247052904915026,1.0579631231236037,2.9124721854352837,2.153332403114166,1.369986010462205,1.1769065023540757,2.841395024537725,1.0277341554657922,0.973578075159509,,-1.5,75,1604,-4.7,85,-1.044,game_control=66 remaining_strength_of_schedule=129 strength_of_schedule=27 average_win_probability=77 fpi=71 strength_of_record=63,special_teams=34.365 defense=52.665 offense=60.352 overall=54.97,66,129,27,77,71,63,34.365,52.665,60.352,54.97
Ohio State,2025,194,Ohio State,B1G,0.08269550208389856,0.3516004074571771,0.21393331820508604,0.0858072059473036,0.13067887766976435,0.07626430610954125,0.3072432094515792,0.5083175028833256,0.47056852194999593,0.26870599652425803,0.4547510078997481,0.3795166951820061,1.8690456561771047,1.15313932272925,1.0566216318299724,2.968984622749146,1.7653699849124331,1.0808950355655682,0.9836427489007553,2.9318736711701736,0.9140860014939685,0.9580253581057657,,23.3,4,2021,26.8,2,23.545,game_control=4 remaining_strength_of_schedule=36 strength_of_schedule=15 average_win_probability=7 fpi=2 strength_of_record=3,special_teams=33.3 defense=92.435 offense=82.096 overall=91.999,4,36,15,7,2,3,33.3,92.435,82.096,91.999
Oklahoma State,2025,197,Oklahoma State,B12,0.09138431865945597,0.07483398593520799,0.06337283836735562,0.17494836321483864,0.38509421029501284,0.29521047181045396,0.25308324717173686,0.46211946057103115,0.37369020693751653,0.31035824589548466,0.5013116198248775,0.44786460839602193,1.8897756114023896,1.1498085799746758,1.1001798215576017,3.068477209865933,2.3070753775460084,1.543943164842559,1.1098617236391908,2.9444239085702666,0.9498344765231088,1.0707043494315855,,-16.9,143,1173,-9.6,100,-10.316,game_control=123 remaining_strength_of_schedule=45 strength_of_schedule=16 average_win_probability=121 fpi=106 strength_of_record=114,special_teams=58.498 defense=22.462 offense=23.727 overall=19.413,123,45,16,121,106,114,58.498,22.462,23.727,19.413
Ole Miss,2025,145,Ole Miss,SEC,0.11574494849383875,0.45056229395017144,0.27353807801403485,0.16199933480669126,0.1376181123453905,0.1490256512223992,0.3565895422196286,0.5089913026572375,0.4843137197104173,0.2740599105548153,0.46861097294002024,0.3910373451332426,1.927496127290584,1.2224951952789223,1.029900421469756,2.8507029141905473,1.9427577597613406,1.1990194367858256,1.1129970615373432,3.1220402665593108,0.8955862547014886,1.0103268016349307,,16.7,16,1977,22.7,8,19.485,game_control=14 remaining_strength_of_schedule=30 strength_of_schedule=51 average_win_probability=15 fpi=8 strength_of_record=5,special_teams=63.063 defense=64.915 offense=79.156 overall=79.552,14,30,51,15,8,5,63.063,64.915,79.156,79.552
Oregon,2025,2483,Oregon,B1G,0.1988168013151529,0.36183535939692435,0.29219192279685524,0.1051502977069525,0.1273480544552438,0.10583810223160267,0.2909007151630661,0.5352365028585178,0.47815780086993537,0.28478690638355375,0.4281746493884266,0.36351348622055357,2.2731007980689455,1.504631814137575,1.1177753463605087,3.221584895353716,1.7238256383925583,1.0837780185744992,0.8975260506008558,2.8204283373886483,1.0421310665470656,0.9658707480831606,,18.7,10,2018,29.4,1,24.194,game_control=2 remaining_strength_of_schedule=21 strength_of_schedule=46 average_win_probability=6 fpi=1 strength_of_record=2,special_teams=36.667 defense=86.682 offense=93.667 overall=94.622,2,21,46,6,1,2,36.667,86.682,93.667,94.622
Oregon State,2025,204,Oregon State,PAC,0.05106102921780648,0.29631471073258997,0.17455112006229134,0.10860170253073731,0.3614264859127456,0.23678501398698892,0.3052150092447136,0.48967465191280307,0.4472932455549211,0.30446323031826195,0.479036199362553,0.4299377271016406,1.5920298487160551,0.9579116986135803,0.9170025611146632,2.6241107621915054,1.92683675501622,1.2031663476301897,1.0733136292605958,2.711797980381699,0.8821668219022478,0.9319041109958672,,-9.8,100,1298,-9.8,104,-7.687,game_control=105 remaining_strength_of_schedule=135 strength_of_schedule=6 average_win_probability=127 fpi=93 strength_of_record=133,special_teams=15.028 defense=38.837 offense=41.346 overall=30.191,105,135,6,127,93,133,15.028,38.837,41.346,30.191
Penn State,2025,213,Penn State,B1G,0.14120608702083137,0.25545457298461277,0.20194554065086542,0.08217993137040977,0.2376435103191859,0.14427844711562776,0.28150286675502595,0.5018116176817687,0.44028829402499486,0.2737631243792924,0.4692975108974028,0.3987666518099078,1.8403112567142672,1.1539739811349912,0.9917332643144398,2.9631784318971075,1.7748384704679787,1.068148349460231,1.050335659610202,2.856164407682429,0.9927340671806931,0.930915253971685,,11.3,31,2070,25.4,4,18.312,game_control=20 remaining_strength_of_schedule=25 strength_of_schedule=75 average_win_probability=9 fpi=11 strength_of_record=61,special_teams=84.219 defense=80.116 offense=50.409 overall=76.374,20,25,75,9,11,61,84.219,80.116,50.409,76.374
Purdue,2025,2509,Purdue,B1G,0.08660996681333988,0.24983676553665668,0.16352239477721006,0.11666282224598083,0.29949921040644584,0.1880548105655607,0.3289349866075471,0.4715295710452832,0.43687988983908266,0.275258062837545,0.48856415184442437,0.401643939438337,1.753279613079779,1.0574879782356883,1.0186659167776118,2.7548163372861856,1.888798837501657,1.1467928972927734,1.110960376382626,3.013239244251276,0.978381751352742,0.950369616848515,,5.5,52,1325,-4,82,-2.027,game_control=60 remaining_strength_of_schedule=18 strength_of_schedule=10 average_win_probability=91 fpi=74 strength_of_record=67,special_teams=65.594 defense=36.552 offense=58.51 overall=50.558,60,18,10,91,74,67,65.594,36.552,58.51,50.558
Rice,2025,242,Rice,AAC,0.059866407450716926,0.24893879800577867,0.11138252685949583,0.1176904464381593,0.24483757358002722,0.17929214125865064,0.24998032112157842,0.4663869660054167,0.37284041067818136,0.31687971159904743,0.4197317350154487,0.3880654963475699,1.7314231393511563,1.04102975881312,1.0140303458337607,2.895804123017212,2.01120188145961,1.2882748167021745,1.0686228268041105,2.9559720225649815,0.9206203502541909,1.0515961636039757,,-14.5,129,1291,-8.5,95,-11.166,game_control=106 remaining_strength_of_schedule=80 strength_of_schedule=116 average_win_probability=86 fpi=110 strength_of_record=83,special_teams=59.295 defense=52.771 offense=24.577 overall=37.141,106,80,116,86,110,83,59.295,52.771,24.577,37.141
Rutgers,2025,164,Rutgers,B1G,0.10454440246782842,0.33883605619842366,0.22941965135537942,0.14097143884897353,0.3411529193029242,0.25018665530976497,0.3468807565651708,0.500870578680628,0.471315436168141,0.3317835033275939,0.5219831801352126,0.4940591007839867,1.82624184069813,1.128643382403267,1.0125535863684274,2.9159344188847913,2.036658721296159,1.2726557263890825,1.1462321435560114,2.99257254317194,0.953507081452197,0.9786598819077098,,1.7,58,1582,8,48,5.15,game_control=36 remaining_strength_of_schedule=11 strength_of_schedule=101 average_win_probability=29 fpi=46 strength_of_record=72,special_teams=66.601 defense=22.052 offense=76.708 overall=56.691,36,11,101,29,46,72,66.601,22.052,76.708,56.691
SMU,2025,2567,SMU,ACC,0.13185393146587807,0.3150187160745134,0.21774806265718372,0.05994171451667369,0.2803715320429172,0.1555004626732789,0.28531106482425417,0.5082361917715631,0.4391146051557893,0.2915749194746471,0.48375313079833426,0.4141759377973547,1.9374914408495878,1.2061158534690954,1.0783995186066009,3.068763587266592,1.7905515209821328,1.092918863004747,1.0270488456596236,2.8100810905193456,0.9717641815206013,0.9511757742416496,,-2.7,81,1691,6.9,54,7.346,game_control=55 remaining_strength_of_schedule=66 strength_of_schedule=66 average_win_probability=62 fpi=40 strength_of_record=79,special_teams=60.698 defense=60.448 offense=59.753 overall=64.516,55,66,66,62,40,79,60.698,60.448,59.753,64.516
New Mexico,2025,167,New Mexico,MWC,0.04716302903577921,0.337977541989524,0.16491284245505586,0.11950714259443812,0.18897663733736794,0.14948383059380563,0.3009929077446974,0.4832236786299628,0.4318715943943113,0.3042070253458302,0.4575707762316114,0.4053918312704382,1.9475176791291924,1.2596749928040452,0.9871631588303301,2.937626160671148,1.9684374661957507,1.2738587836726083,0.9964793875591326,2.934289094130526,0.8991033995388058,0.9753329976112339,,0.2,67,1426,-6.6,88,-4.089,game_control=75 remaining_strength_of_schedule=89 strength_of_schedule=47 average_win_probability=85 fpi=80 strength_of_record=46,special_teams=39.779 defense=49.402 offense=47.913 overall=46.268,75,89,47,85,80,46,39.779,49.402,47.913,46.268
South Carolina,2025,2579,South Carolina,SEC,0.06809511839563981,0.2858760469343823,0.1557972280468338,0.059337262455942896,0.17955793007961016,0.08848451594975412,0.2726413341789905,0.46932522759699025,0.39656879195230915,0.27677737884457604,0.4750450906905935,0.3961795580109452,1.7755659899287588,1.079183013721794,1.0255934344766904,2.7326186878856555,1.889373564015056,1.1981793868689172,1.0067325737387383,2.810199964947879,1.0204324639383293,0.9109200485756018,,5.6,50,1682,11.6,35,10.483,game_control=41 remaining_strength_of_schedule=9 strength_of_schedule=18 average_win_probability=63 fpi=27 strength_of_record=43,special_teams=73.477 defense=75.784 offense=38.281 overall=67.142,41,9,18,63,27,43,73.477,75.784,38.281,67.142
Southern Miss,2025,2572,Southern Miss,SBC,0.09143759201123766,0.27317679354246566,0.17535317241741796,0.13757797625346715,0.184873609573662,0.15605624151379743,0.30951807816281107,0.4681791862738105,0.4165343802196139,0.2924644143996149,0.46946726411644674,0.4155861709072048,1.7126043600754075,1.0178802656010082,1.014844181186471,2.8707803440260244,1.8527155952491263,1.139047553438303,1.0514344833624936,2.9431941818660907,0.9489188483805754,1.0268435734639527,West,-4.5,88,1265,-5.5,87,-6.492,game_control=93 remaining_strength_of_schedule=114 strength_of_schedule=119 average_win_probability=59 fpi=89 strength_of_record=90,special_teams=47.427 defense=50.836 offense=37.445 overall=42.444,93,114,119,59,89,90,47.427,50.836,37.445,42.444
South Florida,2025,58,South Florida,AAC,0.0871416622131638,0.2781590093225705,0.1824513062313457,0.0905721461258545,0.28303070519404566,0.1730447676565951,0.27123691968400016,0.4728051629740035,0.40378308602833063,0.3272437260600838,0.464381134812295,0.4237516214601056,1.935688228599482,1.2354497731670875,1.0217873578901935,2.8705620596905357,1.8434992954381104,1.1082070077546446,1.1103214064572258,2.972618799226984,1.0114547040148216,0.9109958270297295,,14.5,22,1477,2.7,64,4.702,game_control=48 remaining_strength_of_schedule=76 strength_of_schedule=13 average_win_probability=82 fpi=50 strength_of_record=21,special_teams=66.058 defense=72.067 offense=66.07 overall=76.222,48,76,13,82,50,21,66.058,72.067,66.07,76.222
Stanford,2025,24,Stanford,ACC,0.08227767585006579,0.2729498710163772,0.16578393362935293,0.057624791662683666,0.3045975496913454,0.1833547702957667,0.2710790495660086,0.44803849501722515,0.37651670284865846,0.31121563557620835,0.4985744489693924,0.4393252569292317,1.7563784453175806,1.10640769759025,0.9465725214585116,2.6966111875178305,1.821669357558924,1.0937906817550096,1.086266327358707,2.901061608589567,0.9661884199732268,0.8874220519618293,,-6,91,1255,-8.4,93,-4.189,game_control=114 remaining_strength_of_schedule=34 strength_of_schedule=31 average_win_probability=128 fpi=81 strength_of_record=85,special_teams=47.254 defense=47.288 offense=36.518 overall=39.862,114,34,31,128,81,85,47.254,47.288,36.518,39.862
TCU,2025,2628,TCU,B12,0.12360151586373246,0.3176636599440546,0.2327849503119484,0.07322357535250955,0.27020250852922634,0.1652671530333221,0.3064922599053222,0.49081826919148136,0.4322999130220313,0.3024540096968017,0.44504956873025636,0.3966998090715123,2.0886778845399987,1.3558740954782549,1.0730221886766125,2.823087169927929,1.8370312979427545,1.1342391944097414,1.0569061790027525,2.858403123515118,0.9789667692160393,0.9673821900440408,,5.6,50,1732,14.7,28,11.621,game_control=10 remaining_strength_of_schedule=53 strength_of_schedule=63 average_win_probability=16 fpi=25 strength_of_record=34,special_teams=65.101 defense=65.234 offense=82.634 overall=81.871,10,53,63,16,25,34,65.101,65.234,82.634,81.871
Temple,2025,218,Temple,AAC,0.06021768227417369,0.259931849412424,0.14058646298551175,0.148050975695468,0.2486250083842571,0.19248125210392708,0.2764317239012548,0.4630592172278519,0.39635074326500647,0.3056671604057525,0.4843651592424059,0.4259718631418107,1.853118110126301,1.1777231625698437,0.9614989794004676,2.664750789495167,2.293531416917156,1.5066945954546758,1.1702288495026045,2.9959546954198286,0.9501682828737237,1.0360680798829571,,-0.6,69,1205,-8.6,96,-8.734,game_control=94 remaining_strength_of_schedule=87 strength_of_schedule=59 average_win_probability=100 fpi=98 strength_of_record=87,special_teams=27.234 defense=36.79 offense=63.924 overall=44.922,94,87,59,100,98,87,27.234,36.79,63.924,44.922
Tennessee,2025,2633,Tennessee,SEC,0.13624814141079403,0.3601686499922433,0.25643508665023584,0.06624004771752713,0.23559453529133215,0.13866076827788226,0.29973055283977745,0.5218308192387187,0.47196598738349343,0.27281898400960747,0.5169947494657071,0.4443029068812395,1.877999695830248,1.1636698759127766,1.0399239354197665,2.957423678738217,1.7661448407981792,1.0784584394220142,0.9889835907005248,2.8799844034615516,0.9309681042571598,0.8748297930824626,,19.9,7,1841,23.2,6,18.079,game_control=12 remaining_strength_of_schedule=23 strength_of_schedule=45 average_win_probability=14 fpi=13 strength_of_record=25,special_teams=40.865 defense=76.98 offense=82.419 overall=83.55,12,23,45,14,13,25,40.865,76.98,82.419,83.55
Texas A&M,2025,245,Texas A&M,SEC,0.09273024789708628,0.337593780930171,0.21433650250932942,0.09121316482613187,0.15905971931945145,0.10182449707512378,0.2751881226597585,0.5132850643927869,0.45492003923440827,0.25368856057848727,0.4423535412003183,0.34045272255721726,1.9636644977914137,1.218878421961501,1.121428846736171,2.9198108676088186,1.9640314296188914,1.2528280500278388,1.03734402736087,2.659019828908769,0.9233544159231165,1.0471203334429675,,19.6,8,1753,17.3,20,16.012,game_control=8 remaining_strength_of_schedule=22 strength_of_schedule=12 average_win_probability=27 fpi=16 strength_of_record=1,special_teams=52.357 defense=81.39 offense=73.72 overall=82.484,8,22,12,27,16,1,52.357,81.39,73.72,82.484
Texas Tech,2025,2641,Texas Tech,B12,0.06830102758885398,0.39380943727710105,0.22348653527271584,0.045818791108527934,0.1461171050862446,0.0697590326502231,0.31541394018001784,0.5059833786080549,0.45084346288557436,0.25788623803085664,0.4200217689588903,0.3217428094532557,1.8242231665879207,1.116471571070377,1.041136937826463,2.530733286661965,1.6649396589762293,1.01880912939556,0.9151909468870112,2.6816605308746864,0.900150530292814,0.9213104173354136,,20.9,6,1751,23.8,5,14.542,game_control=1 remaining_strength_of_schedule=57 strength_of_schedule=86 average_win_probability=1 fpi=20 strength_of_record=9,special_teams=74.119 defense=96.03 offense=75.338 overall=94.32,1,57,86,1,20,9,74.119,96.03,75.338,94.32
Toledo,2025,2649,Toledo,MAC,0.11337558531985045,0.28805575188102106,0.1923325377998624,0.07332196858418082,0.1417482577257413,0.09020293421107609,0.27333620599789954,0.4839458315785822,0.4094423937109773,0.28785377826326,0.4940469206729643,0.44872671696814315,2.0583367920698032,1.3278648345460415,1.0635458049472597,3.0173148158319947,1.7285040926902413,1.0822336155071224,0.8821628753012721,2.727895368421491,0.9428486017112936,0.8570793443540832,,10.8,35,1562,8.5,44,1.687,game_control=51 remaining_strength_of_schedule=118 strength_of_schedule=125 average_win_probability=28 fpi=64 strength_of_record=94,special_teams=60.461 defense=78.224 offense=41.795 overall=65.469,51,118,125,28,64,94,60.461,78.224,41.795,65.469
UAB,2025,5,UAB,AAC,0.06636307579073937,0.3043401311449965,0.1792717393724363,0.15862798940958195,0.3284391031994269,0.2531734628401144,0.31014438464974453,0.4726445994634847,0.41531492044649604,0.29389275991243763,0.5209361909677374,0.46689003573425125,1.7798846523270058,1.0928589758632457,1.0045400392500239,2.8139136708855865,1.9471970234134675,1.1952740134820752,1.1183721423915411,3.169710697195825,0.9504777041159205,0.9558296336861751,,-11.3,114,1278,-12.1,112,-13.72,game_control=98 remaining_strength_of_schedule=85 strength_of_schedule=42 average_win_probability=107 fpi=121 strength_of_record=91,special_teams=64.692 defense=6.898 offense=56.335 overall=21.417,98,85,42,107,121,91,64.692,6.898,56.335,21.417
UCLA,2025,26,UCLA,B1G,0.1549619512003034,0.232372685298792,0.1881416117187097,0.15755251615474813,0.3234162593501425,0.2366476813838841,0.30292870345739414,0.4893828509940005,0.436829762781896,0.34452019244674026,0.5210461176900735,0.48838557016390366,2.0141134042378264,1.2703021232830098,1.107592494839313,3.0452434790562766,1.9344805568022974,1.1917949083208257,1.1068341851085874,3.2043789819661708,1.0238880423265493,0.9090803543869999,,-16.1,138,1331,-9.6,100,-6.844,game_control=132 remaining_strength_of_schedule=8 strength_of_schedule=68 average_win_probability=135 fpi=90 strength_of_record=133,special_teams=66.015 defense=21.221 offense=35.537 overall=24.751,132,8,68,135,90,133,66.015,21.221,35.537,24.751
Massachusetts,2025,113,Massachusetts,MAC,0.06162552197427012,0.15919334059803059,0.07486619027546709,0.127343402721689,0.368543432985373,0.25062988662779173,0.2813830700271593,0.4293593527339013,0.36217569778326414,0.338846869688773,0.5104189128647445,0.48067572028911726,1.8462001032033983,1.1636371869067414,0.98319179353164,2.77829681872475,1.9494491286496198,1.1998489141898663,1.1204886455695542,3.0903393295245842,0.9551846841600045,0.947503451543395,,-23.8,170,1039,-29.4,136,-22.938,game_control=116 remaining_strength_of_schedule=121 strength_of_schedule=23 average_win_probability=131 fpi=135 strength_of_record=133,special_teams=57.995 defense=15.814 offense=8.613 overall=8.015,116,121,23,131,135,133,57.995,15.814,8.613,8.015
UNLV,2025,2439,UNLV,MWC,0.11503209620299193,0.31160686053884884,0.2063703826094819,0.1252158597235597,0.23056214778727277,0.16514071815702605,0.30363800570163185,0.4951923601778303,0.43458920987407074,0.3125110822102623,0.49789055531854165,0.46089179167134514,2.0582313083363952,1.326693754406415,1.0753570477677505,2.8354334917996473,2.0789892637448726,1.3219221260973824,1.1406074182378867,2.9455067696907564,0.9858937356722,0.9853987312395286,,-9.7,99,1622,-1.5,76,0.604,game_control=86 remaining_strength_of_schedule=95 strength_of_schedule=134 average_win_probability=52 fpi=67 strength_of_record=30,special_teams=29.318 defense=42.126 offense=60.398 overall=47.254,86,95,134,52,67,30,29.318,42.126,60.398,47.254
USC,2025,30,USC,B1G,0.22198625285153495,0.49166092553516927,0.37602947564816275,0.07469154886117936,0.19201634891731073,0.1223126575942862,0.36069987021158323,0.5663279457882703,0.5436400657255701,0.2981006082963709,0.476431482133415,0.41460302438618,2.3433374267876355,1.5292630578420927,1.2057863224117054,3.2394446438044247,1.7726504710005528,1.0395986349109267,1.0855996073462315,3.0102898354453647,0.9821996369686353,0.8985199631240733,,17.5,13,1865,20.6,12,18.73,game_control=22 remaining_strength_of_schedule=15 strength_of_schedule=83 average_win_probability=20 fpi=10 strength_of_record=35,special_teams=35.412 defense=57.839 offense=93.49 overall=84.88,22,15,83,20,10,35,35.412,57.839,93.49,84.88
UTSA,2025,2636,UTSA,AAC,0.147175765345653,0.22612782887746957,0.18902151432818504,0.10075777269214913,0.30187206502247865,0.19865814034526383,0.3133916484571624,0.4407760980370685,0.3961921914187769,0.29995844758729484,0.4463983226336486,0.3807466779627064,2.3716511888215077,1.6114926533261515,1.1051785927888356,2.9817067357786216,1.8147100211109564,1.1325871864762065,0.9774374649881358,2.8412491659455372,1.0991727475150912,0.9817278008531235,,-2.9,83,1494,0.2,68,-2.731,game_control=65 remaining_strength_of_schedule=81 strength_of_schedule=52 average_win_probability=81 fpi=76 strength_of_record=76,special_teams=33.322 defense=50.568 offense=50.897 overall=47.101,65,81,52,81,76,76,33.322,50.568,50.897,47.101
Virginia,2025,258,Virginia,ACC,0.17607459986343366,0.36719107205143114,0.2796925037951916,0.12803242787144606,0.27449544852529223,0.1970253113511029,0.3605618161579365,0.49612427377200824,0.48129148401612487,0.29826993046466677,0.4869327810749872,0.4259195937154735,1.9949837048408092,1.264761013294361,1.0721804324607416,3.1195648631980184,1.868061277958909,1.1475523129115746,1.0566881056047046,2.9299121467344613,1.0173759544688794,1.0040155330728024,,15.1,21,1576,8.7,42,8.686,game_control=23 remaining_strength_of_schedule=69 strength_of_schedule=100 average_win_probability=11 fpi=34 strength_of_record=39,special_teams=57.404 defense=53.109 offense=82.029 overall=76.668,23,69,100,11,34,39,57.404,53.109,82.029,76.668
Virginia Tech,2025,259,Virginia Tech,ACC,0.14003759968920998,0.197963647010632,0.17210865998683306,0.1446702581077254,0.4078542811563024,0.26293834862942206,0.2979394297496896,0.47213834195455673,0.42108574969216966,0.34081203410524913,0.48869724778274365,0.43772423676732547,2.088800818034966,1.3162338376794407,1.1547915576108012,3.045600760073108,1.9984880798392513,1.242489497584984,1.13385633037186,2.968503271869226,0.9812611244897159,1.0043634322246693,,-2.4,79,1457,-2.8,79,1.389,game_control=78 remaining_strength_of_schedule=41 strength_of_schedule=34 average_win_probability=95 fpi=65 strength_of_record=77,special_teams=42.633 defense=42.923 offense=49.306 overall=44.015,78,41,34,95,65,77,42.633,42.923,49.306,44.015
Washington,2025,264,Washington,B1G,0.14416841307564776,0.32288497523671766,0.24179408489379334,0.07578765257234425,0.2990343678135589,0.1796560949755344,0.339267123189567,0.49310075829853567,0.4683557946312633,0.30583928406816097,0.4946457939409672,0.4397498358383664,2.1432495830514955,1.3728457494014348,1.1616411183039834,2.974741484539888,1.7807982881657123,1.0898959824714052,1.0020471334520664,2.836941308540216,1.0216016090701998,0.9227623126674067,,17.1,15,1665,14.4,29,10.998,game_control=31 remaining_strength_of_schedule=32 strength_of_schedule=55 average_win_probability=26 fpi=26 strength_of_record=49,special_teams=60.157 defense=42.408 offense=86.434 overall=73.856,31,32,55,26,26,49,60.157,42.408,86.434,73.856
Western Michigan,2025,2711,Western Michigan,MAC,0.04289349064903347,0.11132661445558878,0.04235618357675977,0.12290092015674396,0.15281963623682282,0.12004154650985294,0.2664480211486506,0.42025768488141235,0.33875383638356904,0.29396349341389333,0.4866090195628676,0.41648724108027774,1.6665465089878766,1.0088437833114428,0.9496463473666019,2.726602144175538,2.0460531908452406,1.2779713377204442,1.1555332258004039,2.9420536080073183,0.9634312971702403,0.9742704580758056,,0.9,62,1255,-11,108,-9.986,game_control=101 remaining_strength_of_schedule=120 strength_of_schedule=73 average_win_probability=104 fpi=102 strength_of_record=93,special_teams=47.988 defense=61.863 offense=26.751 overall=41.039,101,120,73,104,102,93,47.988,61.863,26.751,41.039
Wisconsin,2025,275,Wisconsin,B1G,0.12959190598957146,0.1970435912557581,0.1568721973588617,0.053094530261095965,0.30486663729668123,0.16599142896496266,0.2845599408443236,0.4943297817059391,0.4375382986162097,0.3014500585252204,0.47074308844992,0.4199425829517342,1.7577735798751295,1.0528541489276804,1.0459509528939652,3.1319795560222836,1.695010639911963,1.0276793941737565,0.9546390211842088,2.7847607967553527,0.9712893003815626,0.9346937751236258,,-3.8,86,1543,3.9,61,3.396,game_control=95 remaining_strength_of_schedule=3 strength_of_schedule=19 average_win_probability=101 fpi=57 strength_of_record=74,special_teams=36.588 defense=62.341 offense=25.053 overall=36.35,95,3,19,101,57,74,36.588,62.341,25.053,36.35
Wyoming,2025,2751,Wyoming,MWC,0.0592183473124212,0.21963894032011472,0.10721346228500893,0.1458201750945536,0.20660230691134562,0.16898371438458573,0.2686180845535411,0.44714759117590397,0.3622669556211921,0.30379209302822596,0.49512236906470436,0.4384499436836613,1.8045669837665301,1.112310155786115,1.0158977009017636,2.784795175640537,2.124281976434993,1.331881105805485,1.2015942473913008,3.1605014497394395,0.9600728927638893,0.961882692535549,,-6.5,94,1326,-8.9,98,-10.111,game_control=102 remaining_strength_of_schedule=107 strength_of_schedule=82 average_win_probability=103 fpi=105 strength_of_record=89,special_teams=69.861 defense=48.856 offense=27.613 overall=38.874,102,107,82,103,105,89,69.861,48.856,27.613,38.874
San Diego State,2025,21,San Diego State,MWC,0.08153284294725188,0.1993042377347031,0.1126816589028397,0.03761892830392054,0.14293023416845752,0.06073618983858191,0.26928998084628997,0.44951815818198837,0.36696820398216773,0.26271840820583714,0.44639211213113056,0.37007450633862926,1.7269592499108717,1.0301482304089407,1.0197937468062475,2.9928518427262105,1.7478029612558679,1.0836575968797342,0.9645270512770826,2.8603817692959908,0.9222514655533596,0.9297776287511764,,2.1,57,1424,-0.8,73,-5.853,game_control=92 remaining_strength_of_schedule=101 strength_of_schedule=132 average_win_probability=60 fpi=84 strength_of_record=69,special_teams=66.774 defense=80.889 offense=21.317 overall=56.466,92,101,132,60,84,69,66.774,80.889,21.317,56.466
Utah,2025,254,Utah,B12,0.173297128424726,0.34482418644443913,0.2707159312095724,0.09916300984822794,0.17121094645273605,0.12352966209051772,0.36131009562702604,0.5361133146005453,0.5154697173442333,0.28397384724841224,0.4286853885650332,0.37125205554233415,1.9648260650471565,1.1824631025909875,1.1917678683082606,3.206736910714049,1.9479085569616152,1.2295565473977805,1.06310503267133,2.802916811766888,0.917891915987793,1.018224969796934,,16.1,18,1680,18.6,18,13.078,game_control=32 remaining_strength_of_schedule=39 strength_of_schedule=98 average_win_probability=30 fpi=22 strength_of_record=38,special_teams=30.063 defense=86.719 offense=69.022 overall=80.987,32,39,98,30,22,38,30.063,86.719,69.022,80.987
Wake Forest,2025,154,Wake Forest,ACC,0.08239318783756273,0.19349570383464512,0.11718841982331296,0.08574770192149411,0.21367633891221968,0.13145134743498701,0.23514011198387147,0.4737583915212093,0.38267609563749055,0.308204107144503,0.4319074210403745,0.36955480802576035,1.7017470404987451,1.0565503044338915,0.9280807497484835,2.729103118440497,1.873178358805701,1.143410582803869,1.0960165161911881,2.9328570778758656,0.952730226153835,0.9451825998388873,,-2.8,82,1391,-0.6,72,-6.437,game_control=61 remaining_strength_of_schedule=65 strength_of_schedule=120 average_win_probability=31 fpi=86 strength_of_record=100,special_teams=33.275 defense=64.464 offense=23.911 overall=40.728,61,65,120,31,86,100,33.275,64.464,23.911,40.728
UCF,2025,2116,UCF,B12,0.10045527882240708,0.29552354552888427,0.19313462360333825,0.13833309957580522,0.1700279528301084,0.15027014624894355,0.3004998853845204,0.45772566429951167,0.3976100976288942,0.2758550300115647,0.49106364721604423,0.4328457280014851,2.0617294720639077,1.346900230965633,1.0304581643179738,2.722539749245874,2.000491033429377,1.2540034504646576,1.1174946187892563,2.957319841314631,1.049143612161188,1.010934246637812,,-0.6,69,1579,8.6,43,4.788,game_control=59 remaining_strength_of_schedule=42 strength_of_schedule=106 average_win_probability=43 fpi=49 strength_of_record=58,special_teams=49.971 defense=59.768 offense=49.041 overall=55.569,59,42,106,43,49,58,49.971,59.768,49.041,55.569
Tulane,2025,2655,Tulane,AAC,0.1087221905440466,0.2297120935291017,0.1562329267783703,0.11580793709799847,0.17612492287817738,0.13404479180046067,0.31276668438607647,0.47418635933699305,0.42665844614142806,0.2897863453434684,0.4822587088896708,0.4228789901350877,1.9775143020632362,1.217247300028422,1.1270269303613623,3.0675243897794697,1.8656243977863822,1.1018266807198542,1.1483340375856361,3.094033718194923,0.9572540473886513,0.9354563349943585,,1.4,60,1572,2.1,66,3.269,game_control=35 remaining_strength_of_schedule=82 strength_of_schedule=43 average_win_probability=46 fpi=58 strength_of_record=28,special_teams=60.079 defense=65.26 offense=60.326 overall=67.56,35,82,43,46,58,28,60.079,65.26,60.326,67.56
Tulsa,2025,202,Tulsa,AAC,0.060875469311226865,0.13113930636426022,0.06487035929620434,0.13102071048326683,0.23560120932990922,0.1832293227186246,0.28566086820924314,0.4550764515448867,0.3902790586487802,0.3030264080686474,0.4963333851004812,0.4393265806725688,1.7754405846355974,1.082195453754145,1.0166896800058565,2.6543012660848966,1.949457400563138,1.215198699346585,1.0809398226953495,3.019365811150127,1.0064440183425583,0.9716731674772889,,-12.8,122,1079,-9.6,100,-14.96,game_control=118 remaining_strength_of_schedule=77 strength_of_schedule=129 average_win_probability=84 fpi=124 strength_of_record=113,special_teams=52.136 defense=49.297 offense=22.2 overall=31.222,118,77,129,84,124,113,52.136,49.297,22.2,31.222
Texas,2025,251,Texas,SEC,0.12561323229006702,0.22949609042202332,0.17100751267840253,0.04939495831583327,0.14010545959458554,0.06709117164026075,0.29206254958498085,0.4996446189819668,0.44197130916903365,0.24900458490471805,0.44855243891724983,0.3660924784906147,1.7668901634955132,1.015786968860917,1.1411193396524666,3.1093518725104197,1.7658451198970175,1.0979441419834262,0.9584790612725841,2.6186552967728454,0.9040611494697895,0.9072265179457448,,11,33,1972,20.5,13,21.649,game_control=18 remaining_strength_of_schedule=14 strength_of_schedule=29 average_win_probability=25 fpi=4 strength_of_record=50,special_teams=68.714 defense=92.575 offense=53.39 overall=83.345,18,14,29,25,4,50,68.714,92.575,53.39,83.345
West Virginia,2025,277,West Virginia,B12,0.09715617281945818,0.16476534854507413,0.11732182772641739,0.10303846760038701,0.25133256874564425,0.1619490550006365,0.27300850474645977,0.4526104443773031,0.38674097273167907,0.3338390346916621,0.4449554000455455,0.40819269085089405,1.9736505122967134,1.274634186000667,1.0285668634632914,2.8696326233340375,1.9056468885045938,1.1869500594072426,1.0616292498998283,2.852506406639565,0.9670084311673847,0.9775119132735631,,-7.2,97,1341,-4,82,-4.525,game_control=109 remaining_strength_of_schedule=29 strength_of_schedule=49 average_win_probability=115 fpi=82 strength_of_record=88,special_teams=39.745 defense=63.989 offense=19.036 overall=35.614,109,29,49,115,82,88,39.745,63.989,19.036,35.614
Vanderbilt,2025,238,Vanderbilt,SEC,0.21434372547246788,0.41747645548898815,0.3381640304137445,0.0784448925196583,0.2716873499692621,0.16530806398280953,0.3959248272348551,0.5169079704686305,0.514609756365137,0.29624265176345854,0.4938571245917557,0.4380618208485576,2.3307215456423895,1.5445369286310342,1.162893488058907,3.086583185924535,1.9634425609360668,1.2150171011136006,1.116605954871566,2.8095053379908785,1.0475349383375716,0.9286033795609863,,18.9,9,1758,21,11,16.517,game_control=15 remaining_strength_of_schedule=2 strength_of_schedule=90 average_win_probability=12 fpi=14 strength_of_record=8,special_teams=52.041 defense=67.85 offense=95.39 overall=91.609,15,2,90,12,14,8,52.041,67.85,95.39,91.609
Washington State,2025,265,Washington State,PAC,0.05829523559779739,0.26718915651708275,0.1569127825094527,0.15122122992289116,0.3151977459352012,0.23959643518964696,0.27678243749931625,0.4919920261922293,0.4253632675135068,0.3194656347617843,0.525091109274543,0.4846414704567704,1.7345673109246524,1.0929240434057732,0.903275114568242,2.703319030097498,1.978518027826759,1.2183883756527074,1.1371574131166902,3.0840972030058422,0.9032995981504881,0.961305373482097,,-1.4,73,1355,-8.9,98,-10.081,game_control=89 remaining_strength_of_schedule=55 strength_of_schedule=96 average_win_probability=87 fpi=104 strength_of_record=71,special_teams=51.985 defense=50.661 offense=30.287 overall=37.551,89,55,96,87,104,71,51.985,50.661,30.287,37.551
Syracuse,2025,183,Syracuse,ACC,0.08190058966210297,0.2187909428635834,0.1427895305536842,0.1535472992273611,0.305510023422669,0.23443452773874665,0.29263896377446186,0.4684902363587943,0.4108177953730905,0.3108068054897912,0.526674454836975,0.4668652646607051,1.7843927472930714,1.1002308603264435,1.001587454107759,2.722491782668004,2.254123633921932,1.4644253834305585,1.180293220661631,2.9360484372160083,0.9037023562381883,1.0068407852474361,,0.6,64,1426,0.1,70,-1.535,game_control=81 remaining_strength_of_schedule=28 strength_of_schedule=35 average_win_probability=97 fpi=73 strength_of_record=53,special_teams=60.548 defense=55.576 offense=44.104 overall=51.819,81,28,35,97,73,53,60.548,55.576,44.104,51.819
Troy,2025,2653,Troy,SBC,0.09616253250800522,0.15032677316228377,0.1067372991269212,0.0796149428765212,0.23854764732652992,0.142221284333944,0.27612679444499777,0.44643104155672647,0.36679787187493046,0.27256843263019276,0.4747699386928336,0.40754477397194777,1.8182548141247707,1.098768421295298,1.0606627566721716,2.907930276937918,1.7877754925878204,1.0970079525366474,1.0086927566524877,2.997139428066461,0.9643522949383102,0.927222416062603,West,-11.2,113,1438,-7.5,91,-7.512,game_control=122 remaining_strength_of_schedule=94 strength_of_schedule=93 average_win_probability=118 fpi=91 strength_of_record=81,special_teams=53.578 defense=55.299 offense=24.866 overall=36.85,122,94,93,118,91,81,53.578,55.299,24.866,36.85
Utah State,2025,328,Utah State,MWC,0.1235175260771967,0.2640055695202951,0.19791200878397303,0.1744780017009579,0.24090114303941007,0.20418693421707892,0.2828119632800557,0.48271755051287474,0.4124671993346866,0.2873982453388602,0.5270365593916614,0.4642087446802969,2.1634229028527727,1.4230864026975734,1.0868459373564607,2.7911223780855434,1.9666335896942255,1.2200414129367247,1.1027094975995828,3.0472379949633757,1.0704214418024878,0.9616292756996998,,0.7,63,1425,-4.3,84,-2.777,game_control=52 remaining_strength_of_schedule=86 strength_of_schedule=17 average_win_probability=70 fpi=77 strength_of_record=64,special_teams=46.258 defense=40.66 offense=66.095 overall=53.06,52,86,17,70,77,64,46.258,40.66,66.095,53.06
Texas State,2025,326,Texas State,SBC,0.18792395424571223,0.2782013308865026,0.24139272327910544,0.1762993681688321,0.2674035324471372,0.23321634191438326,0.32276158399094984,0.5127388281408389,0.4712403783345289,0.3344613378598994,0.46994380181260437,0.43197635054713046,2.178569500793139,1.4042894797540773,1.1321283892287202,2.9953281063504065,2.3433347344222435,1.5527491667325388,1.1934476643517278,2.915278126255792,1.032218209361972,1.0819421429490494,West,-1.5,75,1590,0.2,68,-0.419,game_control=58 remaining_strength_of_schedule=105 strength_of_schedule=87 average_win_probability=56 fpi=69 strength_of_record=51,special_teams=42.295 defense=40.02 offense=79.067 overall=62.346,58,105,87,56,69,51,42.295,40.02,79.067,62.346
Western Kentucky,2025,98,Western Kentucky,CUSA,0.088487402804447,0.2156292895933131,0.14271246980285468,0.14313591298792805,0.24001613572778513,0.19762510226599217,0.29844856554863863,0.4839443907809848,0.41447687260679966,0.2683495023990956,0.47610049435344315,0.4142379445506464,1.898799549816985,1.1742991585706386,1.0703404078715453,2.9588946024513403,2.345272800741704,1.5644815301132646,1.138815172108538,3.044392745595294,0.9448121500589275,1.0306855060887836,,-4,87,1414,-2,78,-8.258,game_control=115 remaining_strength_of_schedule=75 strength_of_schedule=130 average_win_probability=72 fpi=96 strength_of_record=68,special_teams=52.336 defense=37.111 offense=47.166 overall=40.99,115,75,130,72,96,68,52.336,37.111,47.166,40.99
UTEP,2025,2638,UTEP,CUSA,0.06985375904388544,0.0885918328596938,0.05363373903294623,0.046991049799733765,0.1922843616581109,0.08890115288702342,0.26837541232024187,0.4108182471532108,0.34715139570221576,0.2834825081425683,0.46745912639274795,0.4055049491309403,1.6448827169163822,0.9983648377066963,0.9374758165828521,2.6254359434316,1.9434604911812934,1.2131870243849334,1.090486571330073,2.6207375545843026,0.9770143603403796,0.9649669827960213,,-11,111,1205,-14.5,122,-11.895,game_control=129 remaining_strength_of_schedule=133 strength_of_schedule=48 average_win_probability=123 fpi=115 strength_of_record=124,special_teams=30.918 defense=63.263 offense=14.358 overall=29.372,129,133,48,123,115,124,30.918,63.263,14.358,29.372
Northwestern,2025,77,Northwestern,B1G,0.12065951436136081,0.15276907784042668,0.11529280472077792,0.1607017447757282,0.20039402629658631,0.18284816500157436,0.2921338839152765,0.48351881058164176,0.4283722428166028,0.3278512965394485,0.476577538199443,0.43037839616024043,1.9272426881435503,1.2003442864249512,1.064792804582117,2.860712187534388,2.214993329340125,1.4672205411362385,1.081881533129729,2.9724200354126364,0.9622642103876421,1.0174309202654017,,-10.4,103,1411,-3.8,80,-3.305,game_control=72 remaining_strength_of_schedule=20 strength_of_schedule=32 average_win_probability=89 fpi=78 strength_of_record=75,special_teams=49.512 defense=52.432 offense=24.185 overall=34.075,72,20,32,89,78,75,49.512,52.432,24.185,34.075
Florida International,2025,2229,Florida International,CUSA,0.1021797678985646,0.17589217827423875,0.10984638376337268,0.12484278090844764,0.24762972806875216,0.18695134232323424,0.25940990905954997,0.4792683184945877,0.39415170432375063,0.3138688846933228,0.46753913153220594,0.42569694754402004,2.050591993289774,1.3388536775754594,1.029972428941989,2.703512741597335,2.0664042299736054,1.3128875026171187,1.1235964656866253,3.1406696669861014,1.0286208742928922,1.0032473400051962,,-14.7,131,1320,-14.3,121,-12.51,game_control=90 remaining_strength_of_schedule=125 strength_of_schedule=53 average_win_probability=88 fpi=117 strength_of_record=98,special_teams=14.473 defense=50.08 offense=33.541 overall=32.679,90,125,53,88,117,98,14.473,50.08,33.541,32.679
Missouri,2025,142,Missouri,SEC,0.18350259534112517,0.2806796462195027,0.24436717526098706,0.08561399984277829,0.1997001197467967,0.13438289515739227,0.3577889671863692,0.5014956063915224,0.4781714998989051,0.2704846796991641,0.43145360516496795,0.35148536422508825,2.3529833330599024,1.5466013715649003,1.2029879798591092,3.1828712837702287,1.9168017769590247,1.2520763571940687,0.9294338500823988,2.69753260568601,1.0125110402256323,0.9813655931328292,,12.5,25,1781,23.2,6,15.688,game_control=27 remaining_strength_of_schedule=7 strength_of_schedule=105 average_win_probability=8 fpi=17 strength_of_record=14,special_teams=44.9 defense=68.031 offense=75.462 overall=76.195,27,7,105,8,17,14,44.9,68.031,75.462,76.195
Minnesota,2025,135,Minnesota,B1G,0.04913563817024531,0.3018673722579074,0.1654190099020253,0.09145310990796757,0.2601187869427231,0.17329311088492283,0.34091590421039264,0.45415875149264895,0.41471873282218724,0.30766820663969424,0.4788893430373983,0.42375493067383635,1.7163631113622364,1.0611798647215407,0.9340657096076899,2.8306213553223976,1.9106267461971203,1.1885174990450755,1.082562021896179,2.8833654409662692,0.931477041318263,0.9823506511435443,,-0.2,68,1594,8.5,44,2.656,game_control=71 remaining_strength_of_schedule=24 strength_of_schedule=117 average_win_probability=50 fpi=59 strength_of_record=57,special_teams=47.398 defense=64.908 offense=50.365 overall=58.379,71,24,117,50,59,57,47.398,64.908,50.365,58.379
Illinois,2025,356,Illinois,B1G,0.07587186155189439,0.3564150678045671,0.20201186943858154,0.09647344001682442,0.30964317376732015,0.19824655119977935,0.32099858315967883,0.4988130898086177,0.46635443343025607,0.30972680214647313,0.5047659322391673,0.44838057403771925,1.7744377741371802,1.0515230235095614,1.0825710922687342,3.0192671377295257,1.8059517510848382,1.093457090652203,1.057157190386575,3.1055868177425943,0.9082210941853847,0.8934442536206437,,17.2,14,1571,15.1,25,9.743,game_control=17 remaining_strength_of_schedule=50 strength_of_schedule=9 average_win_probability=40 fpi=30 strength_of_record=11,special_teams=60.212 defense=67.577 offense=78.112 overall=79.399,17,50,9,40,30,11,60.212,67.577,78.112,79.399
San Jos State,2025,23,San Jos State,MWC,0.06616815394525319,0.254122213144919,0.15579194553656125,0.08253379010785308,0.32088904165737997,0.19649483271568832,0.307251958149229,0.47062174064447687,0.4134569857598629,0.2866986529023186,0.4987342979655141,0.4382063398448366,1.8355336903973536,1.1214467302512767,1.0550412357393901,2.925940142420233,1.887823933826207,1.170368500415741,1.0582798190166274,2.932388142833338,0.88989091724836,0.9169167543288861,,-12.6,120,1423,-10.1,106,-8.142,game_control=108 remaining_strength_of_schedule=111 strength_of_schedule=28 average_win_probability=110 fpi=95 strength_of_record=118,special_teams=34.91 defense=32.109 offense=46.323 overall=33.311,108,111,28,110,95,118,34.91,32.109,46.323,33.311
Oklahoma,2025,201,Oklahoma,SEC,0.11409072520335191,0.26660764076792365,0.19664938420412625,0.07362374057351942,0.15764210932448508,0.08432349414674101,0.3166800612795529,0.5173673115817441,0.48530075062098027,0.24294219256961247,0.40200504740760973,0.29074894577090726,1.8571535012826375,1.1420390200116084,1.0633815573083982,2.8144789568665547,1.9131250995748004,1.248503576001245,0.9444150922558248,2.525465418343844,0.9780167103076235,1.0346164127331055,,18.7,10,1748,21.5,9,16.206,game_control=5 remaining_strength_of_schedule=4 strength_of_schedule=40 average_win_probability=4 fpi=15 strength_of_record=6,special_teams=66.38 defense=84.725 offense=69.748 overall=84.471,5,4,40,4,15,6,66.38,84.725,69.748,84.471
Army,2025,349,Army,AAC,0.12369427439732555,0.2670592833411182,0.17906970105970113,0.0938247400305734,0.2958274208158272,0.18040015850741425,0.299095257297599,0.4862972132238612,0.43748148816803256,0.30301293966107207,0.5185194986144466,0.4683232004863272,1.868041623760116,1.1937333009090203,0.9553199418964272,2.967945282617191,1.7492198097043596,1.0540797227724041,0.9939013013524912,3.040317242029601,0.9518623316763801,0.9274029088406635,,-3.1,84,1533,-3.9,81,-6.367,game_control=113 remaining_strength_of_schedule=98 strength_of_schedule=69 average_win_probability=126 fpi=85 strength_of_record=106,special_teams=33.592 defense=45.483 offense=40.054 overall=37.835,113,98,69,126,85,106,33.592,45.483,40.054,37.835
Alabama,2025,333,Alabama,SEC,0.11350293171751154,0.43368264630422515,0.295615951623669,0.08530224470701349,0.23073496753473313,0.1318771354875321,0.33381441484357016,0.5096235949043213,0.47657164555548465,0.29343008811616894,0.4370228137708662,0.3715767216950605,1.8261556571618593,1.124004394727886,1.023550484746574,3.067496571590598,1.898462593000397,1.1988420176508539,1.0159178313234485,2.778438724062894,0.9578857106758925,1.002983012527265,,15.3,20,1958,21.1,10,23.08,game_control=9 remaining_strength_of_schedule=13 strength_of_schedule=4 average_win_probability=38 fpi=3 strength_of_record=16,special_teams=53.255 defense=78.45 offense=85.903 overall=88.824,9,13,4,38,3,16,53.255,78.45,85.903,88.824
Kansas State,2025,2306,Kansas State,B12,0.06979299041935645,0.24851838076527566,0.1490420282676752,0.10587825330764777,0.223510064718029,0.14856136785819604,0.2807319809728197,0.45572582731113054,0.37537565408519513,0.2859193318461022,0.43230720614584295,0.3694350128176923,2.168497531584377,1.4123497282622413,1.1325705327217408,2.635710967619798,1.994237726895813,1.290110843866899,1.0239410352310239,2.7967763005473314,1.0103763960108993,1.0231842324722062,,1.2,61,1665,5.8,56,5.917,game_control=69 remaining_strength_of_schedule=40 strength_of_schedule=76 average_win_probability=73 fpi=44 strength_of_record=96,special_teams=53.338 defense=55.658 offense=42.286 overall=50.331,69,40,76,73,44,96,53.338,55.658,42.286,50.331
Maryland,2025,120,Maryland,B1G,0.02512623141713012,0.22666389711159576,0.11006379740240374,0.08433158860642151,0.13153539528576494,0.06915160498031828,0.29779151367981627,0.4289982235841448,0.3650314633239583,0.25674913357999424,0.4327375154489538,0.35673141524746965,1.7307760355615303,1.0558634576694401,0.9862236301307229,2.762821970621639,1.886512601133496,1.2059767797270602,0.9714397678647837,2.805862150871011,0.9047917645651629,1.0142980767203038,,6.1,47,1574,13.5,32,4.995,game_control=6 remaining_strength_of_schedule=33 strength_of_schedule=121 average_win_probability=3 fpi=47 strength_of_record=22,special_teams=72.49 defense=88.589 offense=47.594 overall=80.971,6,33,121,3,47,22,72.49,88.589,47.594,80.971
Louisville,2025,97,Louisville,ACC,0.09988981879312357,0.23507679542240378,0.16800232593724682,0.1119219169119399,0.1451013913473192,0.11701799567957595,0.29903289377668507,0.4773957272704229,0.4282928807867094,0.2824254241413363,0.4657570105794693,0.4029002243709293,1.9753244598575592,1.2811396009769704,0.9978054947329227,2.695828156158928,1.9005149169827193,1.187832660841728,1.0494162763946189,2.9088005480687453,0.999926019279792,0.9764537970395056,,11,33,1750,15.5,24,8.575,game_control=50 remaining_strength_of_schedule=54 strength_of_schedule=113 average_win_probability=33 fpi=35 strength_of_record=19,special_teams=76.035 defense=82.907 offense=60.085 overall=80.654,50,54,113,33,35,19,76.035,82.907,60.085,80.654
Pittsburgh,2025,221,Pittsburgh,ACC,0.07338402897956481,0.25850247497821405,0.15986095888329885,0.0637116402822244,0.27064394664962566,0.15842435604224808,0.27868231548117095,0.4678848419901523,0.3960723075706239,0.31133527926509774,0.4416429703391947,0.39436566945903256,1.862441603461848,1.175308131233697,0.9897676186754936,2.712630538671448,1.6588879633439693,1.0208676616311045,0.9350746696704111,2.5921199821237195,0.9398981829309306,0.9763239102482787,,2.2,56,1511,9.1,41,1.113,game_control=44 remaining_strength_of_schedule=38 strength_of_schedule=118 average_win_probability=19 fpi=66 strength_of_record=103,special_teams=68.497 defense=62.272 offense=34.218 overall=54.029,44,38,118,19,66,103,68.497,62.272,34.218,54.029
Indiana,2025,84,Indiana,B1G,0.16868435417182828,0.354599508496339,0.2648833136256208,0.08308826918815634,0.179175523285458,0.10296131271151865,0.3502539819731128,0.505140273982054,0.4934082114104368,0.2893626967613157,0.40146222985549085,0.3287214539635438,2.2655511304413523,1.4616536873304995,1.209965430132015,3.1958517010037757,2.129624918356037,1.4366728269708928,0.9758319188777028,2.655481775938479,0.9877421236771816,1.0437842845330145,,26.4,2,2000,25.5,3,21.144,game_control=7 remaining_strength_of_schedule=27 strength_of_schedule=74 average_win_probability=5 fpi=5 strength_of_record=7,special_teams=73.216 defense=89.147 offense=78.619 overall=91.021,7,27,74,5,5,7,73.216,89.147,78.619,91.021
Nebraska,2025,158,Nebraska,B1G,0.09848368218202605,0.3150750681891588,0.21427697575065893,0.1715987125194889,0.12996666484780886,0.13781358371779245,0.3429575368918032,0.5025310639943107,0.4703346445288386,0.29879603198363774,0.46447178717441967,0.40587861974169215,1.9094100224705304,1.199777421307301,1.0389345718034046,2.9168120293604325,2.2697589938799902,1.4630446401709645,1.2153118423445464,3.067084243408289,0.9446753772871732,1.033220726482285,,13.2,24,1703,15.6,23,14.107,game_control=33 remaining_strength_of_schedule=48 strength_of_schedule=56 average_win_probability=24 fpi=21 strength_of_record=36,special_teams=48.424 defense=79.281 offense=60.747 overall=72.719,33,48,56,24,21,36,48.424,79.281,60.747,72.719
Northern Illinois,2025,2459,Northern Illinois,MAC,0.09935973620667514,0.20499630153767412,0.14763146218470627,0.10300192941128601,0.23935919521260324,0.16322752730580592,0.26913228832855574,0.42652686738687107,0.3558213259464363,0.31612594794134663,0.47457103790921706,0.44586343425858643,1.8699155626417592,1.180768366294409,0.999779294698227,2.865418047020571,1.86078153221888,1.1383295375913849,1.0694203774483346,2.9973422706454707,1.002409841849002,0.9512286688088984,,-12,117,1375,-12.3,113,-10.051,game_control=103 remaining_strength_of_schedule=109 strength_of_schedule=77 average_win_probability=111 fpi=103 strength_of_record=116,special_teams=50.901 defense=53.61 offense=15.571 overall=28.523,103,109,77,111,103,116,50.901,53.61,15.571,28.523
Georgia Southern,2025,290,Georgia Southern,SBC,0.12059991559159776,0.22458949190664532,0.16464776659325442,0.2018450900200519,0.3959600167172222,0.2937158405985783,0.3058082128376664,0.46169688552089777,0.40709271847981354,0.3463367887477827,0.5360058065818638,0.5057907706486866,1.8036579511014852,1.0892209842475724,1.0446638069895728,3.0430589581494263,2.33073551671002,1.467491402128713,1.3429189934608086,3.35025644976568,0.9609125469453709,1.0146949750346408,East,-15,134,1324,-14.1,120,-10.393,game_control=107 remaining_strength_of_schedule=113 strength_of_schedule=33 average_win_probability=113 fpi=107 strength_of_record=95,special_teams=59.822 defense=20.806 offense=46.243 overall=30.569,107,113,33,113,107,95,59.822,20.806,46.243,30.569
Liberty,2025,2335,Liberty,CUSA,0.12716873967876915,0.1985719238629122,0.15840084876609503,0.10489800103302284,0.2632481380300362,0.17355324973824807,0.29458243053922645,0.4651237595482466,0.4036622137869689,0.3173590557391577,0.4718653886981805,0.42785772086338336,1.920284668435633,1.1938485514566437,1.0734716714999102,2.9691107048882435,1.978547505662555,1.2416406614436832,1.0931761792032262,3.0015238467381145,1.004215839219969,0.9216902565991594,,-14.1,125,1421,-11.7,110,-11.597,game_control=131 remaining_strength_of_schedule=122 strength_of_schedule=102 average_win_probability=129 fpi=112 strength_of_record=125,special_teams=34.933 defense=39.754 offense=22.353 overall=23.784,131,122,102,129,112,125,34.933,39.754,22.353,23.784
Houston,2025,248,Houston,B12,0.04466706927637014,0.26106741136525996,0.12307379989490436,0.1150928286067525,0.18707235518262266,0.13542605825294254,0.2640590270818612,0.4392761441147506,0.3544769796455738,0.2615755899000932,0.46888092536241405,0.3947807807604385,1.7682333289648622,1.108205937987878,0.9466500479580933,2.646797498601862,1.8699639616691683,1.1604267632105087,1.0548549262466156,2.9237973400875306,0.9814921535003782,0.9562039249201215,,9.5,39,1496,7.5,50,4.533,game_control=64 remaining_strength_of_schedule=58 strength_of_schedule=126 average_win_probability=49 fpi=53 strength_of_record=24,special_teams=62.339 defense=82.796 offense=46.46 overall=71.089,64,58,126,49,53,24,62.339,82.796,46.46,71.089
Middle Tennessee,2025,2393,Middle Tennessee,CUSA,0.10952666567168547,0.1860616974062267,0.14006110599183655,0.09695238304943946,0.38519457215986797,0.23513605475821622,0.30075069045457814,0.4690563282184884,0.4047668256213147,0.2731962094655508,0.5168176072651581,0.45707609780467373,1.9286159592972008,1.2059526439630563,1.0471491013917464,2.93227927679519,2.138197054463895,1.3778292820513747,1.1271216221393505,2.8915895304455703,0.9669872255123406,0.9634585990438829,,-24.7,172,1175,-24.2,135,-19.511,game_control=136 remaining_strength_of_schedule=132 strength_of_schedule=123 average_win_probability=134 fpi=131 strength_of_record=131,special_teams=49.617 defense=17.285 offense=21.708 overall=14.443,136,132,123,134,131,131,49.617,17.285,21.708,14.443
Memphis,2025,235,Memphis,AAC,0.21472363012194973,0.24864794314207483,0.23665640984068503,0.0608599201375978,0.24120232609790176,0.14558765426340378,0.31048195271858503,0.49606776740086683,0.43764411136644055,0.2923282382925816,0.47785283535155054,0.41231018565586897,2.3563840085754157,1.5312208404707774,1.2550447194537893,3.1200817523910405,1.7965937644624368,1.0895201317615377,1.061566881857752,2.6951960100630297,1.092614892945215,0.9440780496561866,,6.6,46,1689,13.7,31,8.393,game_control=63 remaining_strength_of_schedule=83 strength_of_schedule=124 average_win_probability=42 fpi=36 strength_of_record=20,special_teams=59.643 defense=68.044 offense=70.711 overall=75.027,63,83,124,42,36,20,59.643,68.044,70.711,75.027
Kentucky,2025,96,Kentucky,SEC,0.1237288771242169,0.16338675832310445,0.12656482502108887,0.08390048592104707,0.2771865080243816,0.1621859093077326,0.2599335462399337,0.49044734342868646,0.4130674362542487,0.2941957721327869,0.4663543287139485,0.40339484624089217,1.99205095721304,1.2415673861710874,1.1102816044266715,3.0634941770032382,1.8060098578862276,1.1022402078480418,1.0400332291953818,2.857792240771568,0.9537390925729571,0.9903174246689882,,1.7,58,1513,4.9,58,4.829,game_control=40 remaining_strength_of_schedule=10 strength_of_schedule=22 average_win_probability=66 fpi=48 strength_of_record=60,special_teams=69.482 defense=71.992 offense=34.026 overall=58.071,40,10,22,66,48,60,69.482,71.992,34.026,58.071
Georgia Tech,2025,59,Georgia Tech,ACC,0.14917125839294343,0.2513587865935506,0.20212593902815243,0.13606448413025918,0.20925929817003075,0.17319457220798654,0.3257781326148905,0.5029717826381365,0.4664255147092649,0.2803616044235267,0.47929072343929013,0.4169212527583029,1.9748047952637509,1.2365293164114612,1.0798644999328342,3.0815182257756923,1.864587959059711,1.170084329414299,1.0059295554766896,2.9156841504673503,0.9668382415380513,0.9657391775316694,,11.8,29,1568,10.8,37,6.862,game_control=57 remaining_strength_of_schedule=56 strength_of_schedule=103 average_win_probability=47 fpi=43 strength_of_record=13,special_teams=77.75 defense=52.938 offense=65.653 overall=67.516,57,56,103,47,43,13,77.75,52.938,65.653,67.516
Arizona State,2025,9,Arizona State,B12,0.12614662309265937,0.21608605212433946,0.1645851055413751,0.0902050884738655,0.20611497910109414,0.1330955166295955,0.2911896602311904,0.484093102950247,0.4267648206706367,0.30258073238736394,0.47570599200046343,0.409453263104977,2.063425618811636,1.299929436777327,1.14515863381809,3.054438825682582,1.756438671693893,1.069940856216879,0.9918755347204506,2.667298017018413,0.9577738535836229,0.959219863497495,,7.2,44,1722,11.2,36,9.833,game_control=43 remaining_strength_of_schedule=47 strength_of_schedule=41 average_win_probability=61 fpi=29 strength_of_record=23,special_teams=27.629 defense=83.924 offense=53.964 overall=69.608,43,47,41,61,29,23,27.629,83.924,53.964,69.608
UConn,2025,41,UConn,Ind,0.1317281416262564,0.29114409053976115,0.21135912157203893,0.13304486726850792,0.25334840456090285,0.197340694352948,0.27903883463884965,0.4985198507980919,0.42264454158165515,0.2983969540967009,0.5147874913000139,0.47522996265750816,2.1286315367632973,1.4007882177691544,1.0492474820223079,2.926376012106307,2.0211722514203054,1.2928290781312308,1.079064125522072,2.938403070916371,1.0062954061924092,0.9740365043837077,,-3.5,85,1437,-1.6,77,-5.462,game_control=77 remaining_strength_of_schedule=103 strength_of_schedule=131 average_win_probability=44 fpi=83 strength_of_record=97,special_teams=58.471 defense=41.122 offense=57.586 overall=50.733,77,103,131,44,83,97,58.471,41.122,57.586,50.733
Boston College,2025,103,Boston College,ACC,0.11266439309165548,0.25322641201281715,0.19453455627342509,0.08575776175292865,0.31479201746058133,0.1910929263136078,0.32230747973890655,0.494144671193984,0.45168963536195256,0.329804110845609,0.4459209451896932,0.4129472052483648,1.942804306839631,1.230211320520566,1.0329822719645816,2.8784615647823,1.9685056752925314,1.2719571800504539,1.0021982336719655,2.725721374082698,0.9689082160395579,0.9762535892630743,,-2.6,80,1462,-1.3,75,0.394,game_control=73 remaining_strength_of_schedule=59 strength_of_schedule=108 average_win_probability=68 fpi=68 strength_of_record=122,special_teams=41.337 defense=46.01 offense=49.804 overall=45.608,73,59,108,68,68,122,41.337,46.01,49.804,45.608
North Carolina,2025,153,North Carolina,ACC,0.0800828325724289,0.2011772537686757,0.1179449153629027,0.11872213676130194,0.26849141054895453,0.1967013863223775,0.2833538573663493,0.44261237257981106,0.368324973489379,0.302015258782114,0.5139899032479327,0.4735497669779995,1.7123367323551641,1.036854492026122,0.9920741923645268,2.8191910963590234,1.9276638730047924,1.247573617654159,0.9682405942660155,2.7385703673493587,0.9721001122707467,0.9700161312774501,,-14.2,127,1388,-4.8,86,-6.475,game_control=84 remaining_strength_of_schedule=72 strength_of_schedule=80 average_win_probability=90 fpi=87 strength_of_record=86,special_teams=71.481 defense=57.959 offense=19.287 overall=41.392,84,72,80,90,87,86,71.481,57.959,19.287,41.392
Old Dominion,2025,295,Old Dominion,SBC,0.13966664069547835,0.3382726264681293,0.2419998670811716,0.11882774342229643,0.14995668988524383,0.11870365474346463,0.3405347133399968,0.5135086204833708,0.49681825357214005,0.2808941996529672,0.5038642948272936,0.4371645898602977,2.2488447438039936,1.4714760772823956,1.1476333149381743,3.1518319132361765,1.8609117763465746,1.128535999914071,1.0891180930861304,3.0148395345284715,0.9403931504047323,0.8801417049833571,East,12,28,1551,2.7,64,4.264,game_control=19 remaining_strength_of_schedule=108 strength_of_schedule=25 average_win_probability=36 fpi=54 strength_of_record=32,special_teams=19.646 defense=84.448 offense=69.068 overall=80.18,19,108,25,36,54,32,19.646,84.448,69.068,80.18
Coastal Carolina,2025,324,Coastal Carolina,SBC,0.09522224186380673,0.14779851669331046,0.10401527146528884,0.10439716233627722,0.25195213670825223,0.1661793751811585,0.30313533885932037,0.411518301145038,0.35595211966718804,0.299725658965542,0.4953182031036781,0.43526642781261826,1.9012258823340433,1.160021857675864,1.1143036039603906,2.9042012724260085,1.8510665358650797,1.143779893699341,1.0446323278144145,2.9873766833354845,0.9844418433440161,0.9669044615471818,East,-10.4,103,1259,-14.8,123,-12.561,game_control=112 remaining_strength_of_schedule=79 strength_of_schedule=84 average_win_probability=112 fpi=118 strength_of_record=80,special_teams=52.091 defense=61.237 offense=13.441 overall=32.064,112,79,84,112,118,80,52.091,61.237,13.441,32.064
Georgia State,2025,2247,Georgia State,SBC,0.0562991952005234,0.2789080029645815,0.1472422795243388,0.20765885285156105,0.3243502941641062,0.25898704140508794,0.30441119016866025,0.429580100781892,0.3749688039509362,0.34643463002618535,0.5169489228647944,0.47952612473228806,1.9487318721282765,1.2447657178980363,1.0206508407684558,2.731753405515205,2.193295981954175,1.406881437998505,1.1643599333933903,3.0584676450032875,0.9805895217055868,1.0576419736706404,East,-16.3,140,1126,-22.1,130,-15.745,game_control=83 remaining_strength_of_schedule=97 strength_of_schedule=1 average_win_probability=124 fpi=126 strength_of_record=107,special_teams=18.08 defense=28.07 offense=33.749 overall=21.148,83,97,1,124,126,107,18.08,28.07,33.749,21.148
Kennesaw State,2025,338,Kennesaw State,CUSA,0.0720391324541081,0.2476398883865581,0.14178000227147,0.12400252467972257,0.30231475937614094,0.21794670942724975,0.3091161707288452,0.45374024609899155,0.40469119467623754,0.2840762795579991,0.5071394232288199,0.4492300809521763,1.7334593801503444,1.0223152737437535,1.0719741746765157,2.678859563222119,1.901205996527683,1.1999903936330958,1.0269784839006402,2.990218812575681,0.9867340377186395,0.9914291266701993,,-10.5,105,1223,-12.4,115,-14.375,game_control=67 remaining_strength_of_schedule=128 strength_of_schedule=61 average_win_probability=55 fpi=123 strength_of_record=84,special_teams=64.83 defense=44.096 offense=27.833 overall=35.174,67,128,61,55,123,84,64.83,44.096,27.833,35.174
LSU,2025,99,LSU,SEC,0.06842207404865332,0.24885262494508556,0.1468016541967428,0.05182983460974579,0.18168449710551304,0.09894549893331195,0.3010378536992859,0.46638390061313384,0.4172986889287065,0.26618517129344355,0.46164718641383873,0.37617670265792513,1.9431177821745813,1.2599733294149327,0.9704259888373158,2.5906351035271236,1.7202141094374004,1.0500296021757767,0.9776012347554056,2.7333682797667316,0.9714830231389835,0.8973190909500925,,17.8,12,1751,19.1,17,14.934,game_control=29 remaining_strength_of_schedule=12 strength_of_schedule=21 average_win_probability=45 fpi=19 strength_of_record=17,special_teams=59.559 defense=86.022 offense=60.667 overall=81.415,29,12,21,45,19,17,59.559,86.022,60.667,81.415
North Texas,2025,249,North Texas,AAC,0.1949609196192249,0.309638534133134,0.2642448432745101,0.1439915762811732,0.21918302133760115,0.18655877637951002,0.330025165738077,0.5226015193516061,0.48261424032005273,0.3167212699373419,0.45768536546468147,0.4166753569701069,1.9947980224047395,1.2008935219860506,1.1937469226138366,3.2602227324554027,1.7960793299347837,1.1126111736914877,0.9816880233028502,3.0417005842838423,0.9930592020948534,0.9887235377147817,,12.4,26,1616,8.2,46,2.051,game_control=53 remaining_strength_of_schedule=102 strength_of_schedule=133 average_win_probability=23 fpi=62 strength_of_record=27,special_teams=42.382 defense=63.328 offense=73.481 overall=71.795,53,102,133,23,62,27,42.382,63.328,73.481,71.795
Clemson,2025,228,Clemson,ACC,0.10322304217576024,0.1991093851794355,0.14576926382377073,0.07587580662525376,0.2697261673080684,0.16433158216214588,0.29319081147746484,0.47822923767250825,0.42933523937844126,0.3320309789366159,0.44784091105540214,0.40997660399232444,1.8459871882469834,1.1256355371934768,1.065133393575308,2.991371168611724,1.8015576029933653,1.0930194271243805,1.062503001544556,2.8134778968689544,0.9260032495319955,0.9638712376583983,,0.5,65,1642,5.4,57,5.573,game_control=97 remaining_strength_of_schedule=62 strength_of_schedule=50 average_win_probability=114 fpi=45 strength_of_record=104,special_teams=42.318 defense=62.581 offense=34.504 overall=47.267,97,62,50,114,45,104,42.318,62.581,34.504,47.267
Fresno State,2025,278,Fresno State,MWC,0.06341537329305186,0.34548341520062764,0.15655925432413542,0.10143900437828711,0.2955571860244011,0.2015020351335081,0.34599611755952137,0.4617977342892978,0.4271064604090707,0.311959827148055,0.47684843048840997,0.4226874287368403,2.1225285889281893,1.3860327773930017,1.0763574495743164,2.768815685433075,1.8344841927427122,1.0859566309528381,1.1148631258582302,2.9747341052673186,0.9918149794973301,0.9312611667217664,,-1.2,71,1510,1.1,67,-2.134,game_control=85 remaining_strength_of_schedule=92 strength_of_schedule=99 average_win_probability=75 fpi=75 strength_of_record=45,special_teams=68.101 defense=57.298 offense=43.986 overall=55.24,85,92,99,75,75,45,68.101,57.298,43.986,55.24
Arkansas,2025,8,Arkansas,SEC,0.22018726173737058,0.3064400423869258,0.28128928894994304,0.1365937669781201,0.2908873068560574,0.2128835023430896,0.3384523390301475,0.5448811626534632,0.5113657669641776,0.35345301192298156,0.4777797681060795,0.44316921885908733,2.525916062844136,1.6701915119030357,1.2950661205874485,3.2156225299731314,2.0374672100980713,1.2840129038964498,1.127133275191177,2.904337157276637,1.025278858882437,0.9875326704118272,,7.5,42,1608,9.5,38,7.413,game_control=37 remaining_strength_of_schedule=6 strength_of_schedule=7 average_win_probability=71 fpi=38 strength_of_record=82,special_teams=52.01 defense=31.533 offense=85.948 overall=64.389,37,6,7,71,38,82,52.01,31.533,85.948,64.389
Florida State,2025,52,Florida State,ACC,0.22857581215584905,0.27801628590995864,0.2766584523461413,0.08154183486415481,0.1919439702033797,0.11853756878117926,0.3260799574176856,0.5392784017692303,0.5021846520465447,0.2917641521518844,0.4558990244606551,0.38343900170998524,2.2851681342407577,1.4737547300665506,1.2142995525357811,3.3175426828133197,1.7151227336525905,1.0392567208140269,0.9794804440320798,2.883807890715548,1.036514815870956,0.9410063180288039,,16.7,16,1566,15.8,22,12.714,game_control=11 remaining_strength_of_schedule=61 strength_of_schedule=20 average_win_probability=13 fpi=24 strength_of_record=26,special_teams=30.431 defense=76.954 offense=92.172 overall=89.944,11,61,20,13,24,26,30.431,76.954,92.172,89.944
